trade_id,run_id,branch_id,entry_model,stop_mode,exit_mode,direction,signal_time,entry_time,entry_time_msc,entry_bid,entry_ask,entry_price,initial_stop,final_active_stop,risk_points,exit_time,exit_time_msc,exit_bid,exit_ask,exit_price,exit_reason,points,ticks,gross_usd,cost_usd,net_usd,r_multiple,duration_seconds,mae_points,mfe_points,be_applied,lock_applied,entry_atr,equity_usd,peak_equity_usd,drawdown_usd,drawdown_pct_of_initial_risk_bank
5,QUANTORA_FIRST_TRIANGLE_FINAL15_@ENQ_1754006400,5,FIRST_ALTERNATING_TRIANGLE,FIXED_200PTS,ADAPTIVE_MFE_GIVEBACK,BUY,2025.08.12 16:00:00,2025.08.12 16:30:00,1755016200025,24177.25,24177.75,24177.75,23977.75,23977.75,200.0,2025.08.14 01:30:00,1755135000464,24222.75,24223.75,24222.75,OPPOSITE_TRIANGLE,45.0,180.0,90.0,1.2,88.8,0.225,118800,5.0,188.5,False,False,59.91725979862254,88.8,88.8,0.0,
20,QUANTORA_FIRST_TRIANGLE_FINAL15_@ENQ_1754006400,5,FIRST_ALTERNATING_TRIANGLE,FIXED_200PTS,ADAPTIVE_MFE_GIVEBACK,SELL,2025.08.14 01:00:00,2025.08.14 01:30:00,1755135000464,24222.75,24223.75,24222.75,24422.75,23583.5,200.0,2025.08.20 16:26:19,1755707179858,23583.0,23583.5,23583.5,MFE_GIVEBACK_STOP,639.25,2557.0,1278.5,1.2,1277.3,3.19625,572179,83.25,889.25,False,True,27.844061650270383,1366.1,1366.1,0.0,
35,QUANTORA_FIRST_TRIANGLE_FINAL15_@ENQ_1754006400,5,FIRST_ALTERNATING_TRIANGLE,FIXED_200PTS,ADAPTIVE_MFE_GIVEBACK,BUY,2025.08.22 14:00:00,2025.08.22 14:30:00,1755873000031,23854.5,23855.0,23855.0,23655.0,23655.0,200.0,2025.08.28 01:00:00,1756342800616,23818.75,23819.75,23818.75,OPPOSITE_TRIANGLE,-36.25,-145.0,-72.5,1.2,-73.7,-0.18125,469800,185.75,130.25,False,False,73.80872242354708,1292.3999999999999,1366.1,73.70000000000005,
50,QUANTORA_FIRST_TRIANGLE_FINAL15_@ENQ_1754006400,5,FIRST_ALTERNATING_TRIANGLE,FIXED_200PTS,ADAPTIVE_MFE_GIVEBACK,SELL,2025.08.28 00:30:00,2025.08.28 01:00:00,1756342800616,23818.75,23819.75,23818.75,24018.75,24018.75,200.0,2025.08.28 13:31:05,1756387865456,24018.0,24018.75,24018.75,MFE_GIVEBACK_STOP,-200.0,-800.0,-400.0,1.2,-401.2,-1.0,45065,200.0,2.0,False,False,48.15421490962829,891.1999999999998,1366.1,474.9000000000001,
65,QUANTORA_FIRST_TRIANGLE_FINAL15_@ENQ_1754006400,5,FIRST_ALTERNATING_TRIANGLE,FIXED_200PTS,ADAPTIVE_MFE_GIVEBACK,BUY,2025.08.28 17:00:00,2025.08.28 17:30:00,1756402200006,24059.25,24059.75,24059.75,23859.75,23859.75,200.0,2025.08.29 13:46:01,1756475161848,23851.75,23852.75,23859.75,MFE_GIVEBACK_STOP,-200.0,-800.0,-400.0,1.2,-401.2,-1.0,72961,208.0,40.75,False,False,54.96545166725808,489.99999999999983,1366.1,876.1000000000001,
80,QUANTORA_FIRST_TRIANGLE_FINAL15_@ENQ_1754006400,5,FIRST_ALTERNATING_TRIANGLE,FIXED_200PTS,ADAPTIVE_MFE_GIVEBACK,SELL,2025.08.29 14:30:00,2025.08.29 15:00:00,1756479600057,23731.25,23732.0,23731.25,23931.25,23481.5,200.0,2025.09.02 13:46:22,1756820782738,23480.75,23481.5,23481.5,MFE_GIVEBACK_STOP,249.75,999.0,499.5,1.2,498.3,1.24875,341182,119.5,407.25,False,True,54.14211705777691,988.2999999999998,1366.1,377.80000000000007,
95,QUANTORA_FIRST_TRIANGLE_FINAL15_@ENQ_1754006400,5,FIRST_ALTERNATING_TRIANGLE,FIXED_200PTS,ADAPTIVE_MFE_GIVEBACK,BUY,2025.09.02 23:30:00,2025.09.03 00:00:00,1756857600043,23632.0,23632.5,23632.5,23432.5,23999.75,200.0,2025.09.05 14:18:49,1757081929778,23999.75,24000.25,23999.75,MFE_GIVEBACK_STOP,367.25,1469.0,734.5,1.2,733.3,1.83625,224329,36.0,567.25,False,True,52.81590212196528,1721.6,1721.6,0.0,
110,QUANTORA_FIRST_TRIANGLE_FINAL15_@ENQ_1754006400,5,FIRST_ALTERNATING_TRIANGLE,FIXED_200PTS,ADAPTIVE_MFE_GIVEBACK,SELL,2025.09.05 15:30:00,2025.09.05 16:00:00,1757088000045,23916.25,23917.0,23916.25,24116.25,24116.25,200.0,2025.09.08 13:34:58,1757338498103,24115.75,24116.25,24116.25,MFE_GIVEBACK_STOP,-200.0,-800.0,-400.0,1.2,-401.2,-1.0,250498,200.0,31.75,False,False,69.33466653486381,1320.3999999999999,1721.6,401.20000000000005,
125,QUANTORA_FIRST_TRIANGLE_FINAL15_@ENQ_1754006400,5,FIRST_ALTERNATING_TRIANGLE,FIXED_200PTS,ADAPTIVE_MFE_GIVEBACK,BUY,2025.09.09 03:00:00,2025.09.09 03:30:02,1757388602324,24134.5,24135.25,24135.25,23935.25,23935.25,200.0,2025.09.10 09:30:00,1757496600014,24186.5,24187.25,24186.5,OPPOSITE_TRIANGLE,51.25,205.0,102.5,1.2,101.3,0.25625,107998,111.0,116.0,False,False,24.02127876041212,1421.6999999999998,1721.6,299.9000000000001,
140,QUANTORA_FIRST_TRIANGLE_FINAL15_@ENQ_1754006400,5,FIRST_ALTERNATING_TRIANGLE,FIXED_200PTS,ADAPTIVE_MFE_GIVEBACK,SELL,2025.09.10 09:00:00,2025.09.10 09:30:00,1757496600014,24186.5,24187.25,24186.5,24386.5,24386.5,200.0,2025.09.12 06:00:00,1757656800174,24332.75,24333.5,24333.5,OPPOSITE_TRIANGLE,-147.0,-588.0,-294.0,1.2,-295.2,-0.735,160200,157.75,102.75,False,False,19.2407429295114,1126.4999999999998,1721.6,595.1000000000001,
155,QUANTORA_FIRST_TRIANGLE_FINAL15_@ENQ_1754006400,5,FIRST_ALTERNATING_TRIANGLE,FIXED_200PTS,ADAPTIVE_MFE_GIVEBACK,BUY,2025.09.12 05:30:00,2025.09.12 06:00:00,1757656800174,24332.75,24333.5,24333.5,24133.5,24551.75,200.0,2025.09.17 02:30:07,1758076207641,24576.5,24577.25,24576.5,OPPOSITE_TRIANGLE,243.0,972.0,486.0,1.2,484.8,1.215,419407,66.5,368.25,False,True,15.732998548820808,1611.2999999999997,1721.6,110.30000000000018,
170,QUANTORA_FIRST_TRIANGLE_FINAL15_@ENQ_1754006400,5,FIRST_ALTERNATING_TRIANGLE,FIXED_200PTS,ADAPTIVE_MFE_GIVEBACK,SELL,2025.09.17 02:00:00,2025.09.17 02:30:07,1758076207641,24576.5,24577.25,24576.5,24776.5,24501.0,200.0,2025.09.17 18:28:12,1758133692358,24500.0,24501.0,24501.0,MFE_GIVEBACK_STOP,75.5,302.0,151.0,1.2,149.8,0.3775,57485,34.75,225.5,False,True,17.671014682971798,1761.0999999999997,1761.0999999999997,0.0,
185,QUANTORA_FIRST_TRIANGLE_FINAL15_@ENQ_1754006400,5,FIRST_ALTERNATING_TRIANGLE,FIXED_200PTS,ADAPTIVE_MFE_GIVEBACK,BUY,2025.09.18 00:30:00,2025.09.18 01:00:00,1758157200171,24619.5,24620.25,24620.25,24420.25,24717.5,200.0,2025.09.19 00:19:37,1758241177574,24717.5,24718.75,24717.5,MFE_GIVEBACK_STOP,97.25,389.0,194.5,1.2,193.3,0.48625,83977,5.5,247.25,False,True,49.06863420133608,1954.3999999999996,1954.3999999999996,0.0,
200,QUANTORA_FIRST_TRIANGLE_FINAL15_@ENQ_1754006400,5,FIRST_ALTERNATING_TRIANGLE,FIXED_200PTS,ADAPTIVE_MFE_GIVEBACK,SELL,2025.09.19 08:30:00,2025.09.19 09:00:00,1758272400000,24760.75,24761.75,24760.75,24960.75,24960.75,200.0,2025.09.21 22:00:00,1758492000059,25353.25,25358.25,24960.75,MFE_GIVEBACK_STOP,-200.0,-800.0,-400.0,1.2,-401.2,-1.0,219600,597.5,59.25,False,False,69.54562075469809,1553.1999999999996,1954.3999999999996,401.20000000000005,
215,QUANTORA_FIRST_TRIANGLE_FINAL15_@ENQ_1754006400,5,FIRST_ALTERNATING_TRIANGLE,FIXED_200PTS,ADAPTIVE_MFE_GIVEBACK,BUY,2025.09.21 22:00:00,2025.09.21 22:30:00,1758493800838,25340.0,25340.5,25340.5,25140.5,25140.5,200.0,2025.09.23 19:30:00,1758655800003,25301.5,25302.0,25301.5,OPPOSITE_TRIANGLE,-39.0,-156.0,-78.0,1.2,-79.2,-0.195,162000,93.0,185.75,False,False,92.0382508168257,1473.9999999999995,1954.3999999999996,480.4000000000001,
230,QUANTORA_FIRST_TRIANGLE_FINAL15_@ENQ_1754006400,5,FIRST_ALTERNATING_TRIANGLE,FIXED_200PTS,ADAPTIVE_MFE_GIVEBACK,SELL,2025.09.23 19:00:00,2025.09.23 19:30:00,1758655800003,25301.5,25302.0,25301.5,25501.5,25072.25,200.0,2025.09.25 14:10:51,1758809451502,25069.5,25073.75,25072.25,MFE_GIVEBACK_STOP,229.25,917.0,458.5,1.2,457.3,1.14625,153651,111.5,379.25,False,True,42.69713628667023,1931.2999999999995,1954.3999999999996,23.100000000000136,
245,QUANTORA_FIRST_TRIANGLE_FINAL15_@ENQ_1754006400,5,FIRST_ALTERNATING_TRIANGLE,FIXED_200PTS,ADAPTIVE_MFE_GIVEBACK,BUY,2025.09.28 23:30:00,2025.09.29 00:00:00,1759104000013,25271.0,25271.75,25271.75,25071.75,25323.0,200.0,2025.09.29 16:57:40,1759165060781,25321.5,25324.0,25323.0,MFE_GIVEBACK_STOP,51.25,205.0,102.5,1.2,101.3,0.25625,61060,7.75,201.25,False,True,85.7753794088743,2032.5999999999995,2032.5999999999995,0.0,
260,QUANTORA_FIRST_TRIANGLE_FINAL15_@ENQ_1754006400,5,FIRST_ALTERNATING_TRIANGLE,FIXED_200PTS,ADAPTIVE_MFE_GIVEBACK,SELL,2025.09.30 07:00:00,2025.09.30 07:30:00,1759217400061,25303.25,25304.0,25303.25,25503.25,25503.25,200.0,2025.10.01 11:30:00,1759318200017,25279.25,25279.75,25279.75,OPPOSITE_TRIANGLE,23.5,94.0,47.0,1.2,45.8,0.1175,100800,110.25,169.5,False,False,25.484952844080837,2078.3999999999996,2078.3999999999996,0.0,
275,QUANTORA_FIRST_TRIANGLE_FINAL15_@ENQ_1754006400,5,FIRST_ALTERNATING_TRIANGLE,FIXED_200PTS,ADAPTIVE_MFE_GIVEBACK,BUY,2025.10.01 11:00:00,2025.10.01 11:30:00,1759318200017,25279.25,25279.75,25279.75,25079.75,25529.0,200.0,2025.10.02 13:49:35,1759412975620,25529.0,25529.75,25529.0,MFE_GIVEBACK_STOP,249.25,997.0,498.5,1.2,497.3,1.24625,94775,54.25,399.25,False,True,36.81014516044915,2575.7,2575.7,0.0,
290,QUANTORA_FIRST_TRIANGLE_FINAL15_@ENQ_1754006400,5,FIRST_ALTERNATING_TRIANGLE,FIXED_200PTS,ADAPTIVE_MFE_GIVEBACK,SELL,2025.10.03 12:30:00,2025.10.03 13:00:00,1759496400095,25619.25,25619.75,25619.25,25819.25,25819.25,200.0,2025.10.08 19:51:18,1759953078166,25818.75,25819.25,25819.25,MFE_GIVEBACK_STOP,-200.0,-800.0,-400.0,1.2,-401.2,-1.0,456678,200.0,196.5,False,False,23.065011117582305,2174.5,2575.7,401.1999999999998,
305,QUANTORA_FIRST_TRIANGLE_FINAL15_@ENQ_1754006400,5,FIRST_ALTERNATING_TRIANGLE,FIXED_200PTS,ADAPTIVE_MFE_GIVEBACK,BUY,2025.10.08 19:30:00,2025.10.08 20:00:00,1759953600008,25829.0,25829.5,25829.5,25629.5,25629.5,200.0,2025.10.10 10:00:00,1760090400401,25755.0,25755.75,25755.0,OPPOSITE_TRIANGLE,-74.5,-298.0,-149.0,1.2,-150.2,-0.3725,136800,169.5,62.75,False,False,37.47303309423664,2024.3,2575.7,551.3999999999999,
320,QUANTORA_FIRST_TRIANGLE_FINAL15_@ENQ_1754006400,5,FIRST_ALTERNATING_TRIANGLE,FIXED_200PTS,ADAPTIVE_MFE_GIVEBACK,SELL,2025.10.10 09:30:00,2025.10.10 10:00:00,1760090400401,25755.0,25755.75,25755.0,25955.0,25371.0,200.0,2025.10.10 15:45:03,1760111103015,25370.0,25371.0,25371.0,MFE_GIVEBACK_STOP,384.0,1536.0,768.0,1.2,766.8,1.92,20703,132.5,584.0,False,True,29.882447838807423,2791.1,2791.1,0.0,
335,QUANTORA_FIRST_TRIANGLE_FINAL15_@ENQ_1754006400,5,FIRST_ALTERNATING_TRIANGLE,FIXED_200PTS,ADAPTIVE_MFE_GIVEBACK,BUY,2025.10.13 20:00:00,2025.10.13 20:30:03,1760387403504,25415.25,25415.75,25415.75,25215.75,25215.75,200.0,2025.10.14 05:39:09,1760420349595,25215.75,25217.0,25215.75,MFE_GIVEBACK_STOP,-200.0,-800.0,-400.0,1.2,-401.2,-1.0,32946,200.0,127.75,False,False,66.23180007554689,2389.9,2791.1,401.1999999999998,
350,QUANTORA_FIRST_TRIANGLE_FINAL15_@ENQ_1754006400,5,FIRST_ALTERNATING_TRIANGLE,FIXED_200PTS,ADAPTIVE_MFE_GIVEBACK,SELL,2025.10.14 13:30:00,2025.10.14 14:00:00,1760450400091,25073.5,25074.75,25073.5,25273.5,25273.5,200.0,2025.10.14 15:44:18,1760456658928,25272.75,25273.5,25273.5,MFE_GIVEBACK_STOP,-200.0,-800.0,-400.0,1.2,-401.2,-1.0,6258,200.0,16.75,False,False,84.14436023621322,1988.7,2791.1,802.3999999999999,
365,QUANTORA_FIRST_TRIANGLE_FINAL15_@ENQ_1754006400,5,FIRST_ALTERNATING_TRIANGLE,FIXED_200PTS,ADAPTIVE_MFE_GIVEBACK,BUY,2025.10.14 16:30:00,2025.10.14 17:00:00,1760461200040,25391.5,25392.0,25392.0,25192.0,25192.0,200.0,2025.10.14 19:45:28,1760471128244,25192.0,25192.25,25192.0,MFE_GIVEBACK_STOP,-200.0,-800.0,-400.0,1.2,-401.2,-1.0,9928,200.0,45.25,False,False,95.2611671982934,1587.5,2791.1,1203.6,
380,QUANTORA_FIRST_TRIANGLE_FINAL15_@ENQ_1754006400,5,FIRST_ALTERNATING_TRIANGLE,FIXED_200PTS,ADAPTIVE_MFE_GIVEBACK,SELL,2025.10.16 00:30:00,2025.10.16 01:00:00,1760576400021,25412.5,25413.25,25412.5,25612.5,25612.5,200.0,2025.10.16 13:45:45,1760622345095,25612.0,25612.5,25612.5,MFE_GIVEBACK_STOP,-200.0,-800.0,-400.0,1.2,-401.2,-1.0,45945,200.0,17.0,False,False,61.57931312025594,1186.3,2791.1,1604.8,
395,QUANTORA_FIRST_TRIANGLE_FINAL15_@ENQ_1754006400,5,FIRST_ALTERNATING_TRIANGLE,FIXED_200PTS,ADAPTIVE_MFE_GIVEBACK,BUY,2025.10.19 23:00:00,2025.10.19 23:30:00,1760916600101,25493.0,25494.75,25494.75,25294.75,25717.0,200.0,2025.10.21 13:57:11,1761055031546,25711.0,25717.0,25717.0,MFE_GIVEBACK_STOP,222.25,889.0,444.5,1.2,443.3,1.11125,138431,39.25,372.25,False,True,138.70796263626016,1629.6,2791.1,1161.5,
410,QUANTORA_FIRST_TRIANGLE_FINAL15_@ENQ_1754006400,5,FIRST_ALTERNATING_TRIANGLE,FIXED_200PTS,ADAPTIVE_MFE_GIVEBACK,SELL,2025.10.21 22:30:00,2025.10.21 23:00:00,1761087600048,25769.5,25770.25,25769.5,25969.5,25519.75,200.0,2025.10.22 16:41:53,1761151313302,25519.25,25519.75,25519.75,MFE_GIVEBACK_STOP,249.75,999.0,499.5,1.2,498.3,1.24875,63713,68.5,399.75,False,True,39.293955396137285,2127.9,2791.1,663.1999999999998,
425,QUANTORA_FIRST_TRIANGLE_FINAL15_@ENQ_1754006400,5,FIRST_ALTERNATING_TRIANGLE,FIXED_200PTS,ADAPTIVE_MFE_GIVEBACK,BUY,2025.10.23 20:00:00,2025.10.23 20:30:00,1761251400487,25772.25,25772.75,25772.75,25572.75,26575.75,200.0,2025.10.29 18:40:28,1761763228750,26575.75,26577.0,26575.75,MFE_GIVEBACK_STOP,803.0,3212.0,1606.0,1.2,1604.8,4.015,511828,7.75,1053.0,False,True,51.1898377760028,3732.7,3732.7,0.0,
440,QUANTORA_FIRST_TRIANGLE_FINAL15_@ENQ_1754006400,5,FIRST_ALTERNATING_TRIANGLE,FIXED_200PTS,ADAPTIVE_MFE_GIVEBACK,SELL,2025.10.30 06:30:00,2025.10.30 07:00:00,1761807600435,26722.5,26724.0,26722.5,26922.5,26592.0,200.0,2025.10.30 13:50:31,1761832231894,26591.0,26592.0,26592.0,MFE_GIVEBACK_STOP,130.5,522.0,261.0,1.2,259.8,0.6525,24631,69.0,280.5,False,True,80.58332256030972,3992.5,3992.5,0.0,
455,QUANTORA_FIRST_TRIANGLE_FINAL15_@ENQ_1754006400,5,FIRST_ALTERNATING_TRIANGLE,FIXED_200PTS,ADAPTIVE_MFE_GIVEBACK,BUY,2025.11.05 16:00:00,2025.11.05 16:30:00,1762360200013,26241.75,26242.5,26242.5,26042.5,26042.5,200.0,2025.11.06 14:56:18,1762440978468,26042.5,26043.25,26042.5,MFE_GIVEBACK_STOP,-200.0,-800.0,-400.0,1.2,-401.2,-1.0,80778,200.0,134.0,False,False,76.06511693672127,3591.3,3992.5,401.1999999999998,
470,QUANTORA_FIRST_TRIANGLE_FINAL15_@ENQ_1754006400,5,FIRST_ALTERNATING_TRIANGLE,FIXED_200PTS,ADAPTIVE_MFE_GIVEBACK,SELL,2025.11.06 15:30:00,2025.11.06 16:00:00,1762444800021,25802.0,25802.75,25802.0,26002.0,25409.25,200.0,2025.11.07 18:25:07,1762539907420,25409.0,25409.5,25409.25,MFE_GIVEBACK_STOP,392.75,1571.0,785.5,1.2,784.3,1.96375,95107,136.25,592.75,False,True,84.67246256703108,4375.6,4375.6,0.0,
485,QUANTORA_FIRST_TRIANGLE_FINAL15_@ENQ_1754006400,5,FIRST_ALTERNATING_TRIANGLE,FIXED_200PTS,ADAPTIVE_MFE_GIVEBACK,BUY,2025.11.10 20:00:00,2025.11.10 20:30:00,1762806600019,26208.0,26208.5,26208.5,26008.5,26008.5,200.0,2025.11.11 15:34:12,1762875252939,26008.5,26009.0,26008.5,MFE_GIVEBACK_STOP,-200.0,-800.0,-400.0,1.2,-401.2,-1.0,68652,200.0,59.5,False,False,54.70215948805442,3974.4000000000005,4375.6,401.1999999999998,
500,QUANTORA_FIRST_TRIANGLE_FINAL15_@ENQ_1754006400,5,FIRST_ALTERNATING_TRIANGLE,FIXED_200PTS,ADAPTIVE_MFE_GIVEBACK,SELL,2025.11.12 14:30:00,2025.11.12 15:00:00,1762959600018,26093.0,26093.5,26093.0,26293.0,25930.5,200.0,2025.11.13 15:08:42,1763046522206,25935.5,25939.5,25930.5,MFE_GIVEBACK_STOP,162.5,650.0,325.0,1.2,323.8,0.8125,86922,128.0,312.5,False,True,53.59801729804392,4298.200000000001,4375.6,77.39999999999964,
515,QUANTORA_FIRST_TRIANGLE_FINAL15_@ENQ_1754006400,5,FIRST_ALTERNATING_TRIANGLE,FIXED_200PTS,ADAPTIVE_MFE_GIVEBACK,BUY,2025.11.14 19:30:00,2025.11.14 20:00:00,1763150400003,25727.25,25728.0,25728.0,25528.0,25528.0,200.0,2025.11.16 23:02:29,1763334149065,25527.25,25534.25,25528.0,MFE_GIVEBACK_STOP,-200.0,-800.0,-400.0,1.2,-401.2,-1.0,183749,200.75,22.5,False,False,109.78355999659024,3897.000000000001,4375.6,478.59999999999945,
530,QUANTORA_FIRST_TRIANGLE_FINAL15_@ENQ_1754006400,5,FIRST_ALTERNATING_TRIANGLE,FIXED_200PTS,ADAPTIVE_MFE_GIVEBACK,SELL,2025.11.17 21:30:00,2025.11.17 23:00:00,1763420400025,25404.5,25405.5,25404.5,25604.5,25257.5,200.0,2025.11.18 05:10:33,1763442633991,25254.5,25259.0,25257.5,MFE_GIVEBACK_STOP,147.0,588.0,294.0,1.2,292.8,0.735,22233,54.5,297.0,False,True,96.00189923632276,4189.800000000001,4375.6,185.79999999999927,
545,QUANTORA_FIRST_TRIANGLE_FINAL15_@ENQ_1754006400,5,FIRST_ALTERNATING_TRIANGLE,FIXED_200PTS,ADAPTIVE_MFE_GIVEBACK,BUY,2025.11.19 21:30:00,2025.11.19 23:00:00,1763593200024,25458.5,25459.5,25459.5,25259.5,25557.75,200.0,2025.11.20 09:46:39,1763631999134,25557.75,25558.5,25557.75,MFE_GIVEBACK_STOP,98.25,393.0,196.5,1.2,195.3,0.49125,38799,5.0,248.25,False,True,131.91630360455025,4385.100000000001,4385.100000000001,0.0,
560,QUANTORA_FIRST_TRIANGLE_FINAL15_@ENQ_1754006400,5,FIRST_ALTERNATING_TRIANGLE,FIXED_200PTS,ADAPTIVE_MFE_GIVEBACK,SELL,2025.11.20 17:30:00,2025.11.20 18:00:00,1763661600020,24893.5,24894.75,24893.5,25093.5,25093.5,200.0,2025.11.20 18:15:00,1763662500032,25092.75,25093.5,25093.5,MFE_GIVEBACK_STOP,-200.0,-800.0,-400.0,1.2,-401.2,-1.0,900,200.0,28.5,False,False,156.71834422719525,3983.9000000000015,4385.100000000001,401.1999999999998,
575,QUANTORA_FIRST_TRIANGLE_FINAL15_@ENQ_1754006400,5,FIRST_ALTERNATING_TRIANGLE,FIXED_200PTS,ADAPTIVE_MFE_GIVEBACK,BUY,2025.11.24 02:30:00,2025.11.24 03:00:01,1763953201229,25015.0,25016.0,25016.0,24816.0,25292.5,200.0,2025.11.25 14:41:00,1764081660264,25292.5,25293.0,25292.5,MFE_GIVEBACK_STOP,276.5,1106.0,553.0,1.2,551.8,1.3825,128459,155.0,476.5,False,True,136.55901697033704,4535.700000000002,4535.700000000002,0.0,
590,QUANTORA_FIRST_TRIANGLE_FINAL15_@ENQ_1754006400,5,FIRST_ALTERNATING_TRIANGLE,FIXED_200PTS,ADAPTIVE_MFE_GIVEBACK,SELL,2025.12.03 15:00:00,2025.12.03 15:30:00,1764775800005,26026.5,26027.0,26026.5,26226.5,26226.5,200.0,2025.12.04 14:12:10,1764857530878,26225.75,26226.5,26226.5,MFE_GIVEBACK_STOP,-200.0,-800.0,-400.0,1.2,-401.2,-1.0,81730,200.0,26.5,False,False,59.90922451976341,4134.500000000002,4535.700000000002,401.1999999999998,
605,QUANTORA_FIRST_TRIANGLE_FINAL15_@ENQ_1754006400,5,FIRST_ALTERNATING_TRIANGLE,FIXED_200PTS,ADAPTIVE_MFE_GIVEBACK,BUY,2025.12.08 01:00:00,2025.12.08 01:30:18,1765157418013,26250.25,26251.0,26251.0,26051.0,26051.0,200.0,2025.12.08 18:30:00,1765218600009,26129.0,26129.5,26129.0,OPPOSITE_TRIANGLE,-122.0,-488.0,-244.0,1.2,-245.2,-0.61,61182,157.75,108.75,False,False,89.12978915115771,3889.300000000002,4535.700000000002,646.3999999999996,
620,QUANTORA_FIRST_TRIANGLE_FINAL15_@ENQ_1754006400,5,FIRST_ALTERNATING_TRIANGLE,FIXED_200PTS,ADAPTIVE_MFE_GIVEBACK,SELL,2025.12.08 18:00:00,2025.12.08 18:30:00,1765218600009,26129.0,26129.5,26129.0,26329.0,26329.0,200.0,2025.12.10 05:00:03,1765342803837,26192.5,26193.25,26193.25,OPPOSITE_TRIANGLE,-64.25,-257.0,-128.5,1.2,-129.7,-0.32125,124203,106.25,69.0,False,False,54.6012020404979,3759.600000000002,4535.700000000002,776.0999999999995,
635,QUANTORA_FIRST_TRIANGLE_FINAL15_@ENQ_1754006400,5,FIRST_ALTERNATING_TRIANGLE,FIXED_200PTS,ADAPTIVE_MFE_GIVEBACK,BUY,2025.12.10 04:30:00,2025.12.10 05:00:03,1765342803837,26192.5,26193.25,26193.25,25993.25,25993.25,200.0,2025.12.10 16:00:00,1765382400013,26066.5,26067.0,26066.5,OPPOSITE_TRIANGLE,-126.75,-507.0,-253.5,1.2,-254.7,-0.63375,39597,143.5,51.5,False,False,22.972152454804515,3504.9000000000024,4535.700000000002,1030.7999999999993,
650,QUANTORA_FIRST_TRIANGLE_FINAL15_@ENQ_1754006400,5,FIRST_ALTERNATING_TRIANGLE,FIXED_200PTS,ADAPTIVE_MFE_GIVEBACK,SELL,2025.12.10 15:30:00,2025.12.10 16:00:00,1765382400013,26066.5,26067.0,26066.5,26266.5,26266.5,200.0,2025.12.10 19:35:31,1765395331700,26266.0,26267.5,26266.5,MFE_GIVEBACK_STOP,-200.0,-800.0,-400.0,1.2,-401.2,-1.0,12931,201.0,38.0,False,False,50.72382065030743,3103.7000000000025,4535.700000000002,1431.999999999999,
665,QUANTORA_FIRST_TRIANGLE_FINAL15_@ENQ_1754006400,5,FIRST_ALTERNATING_TRIANGLE,FIXED_200PTS,ADAPTIVE_MFE_GIVEBACK,BUY,2025.12.10 20:00:00,2025.12.10 20:30:00,1765398600009,26335.75,26336.5,26336.5,26136.5,26136.5,200.0,2025.12.11 02:05:20,1765418720941,26136.5,26137.5,26136.5,MFE_GIVEBACK_STOP,-200.0,-800.0,-400.0,1.2,-401.2,-1.0,20120,200.0,25.5,False,False,80.24896854029042,2702.5000000000027,4535.700000000002,1833.199999999999,
680,QUANTORA_FIRST_TRIANGLE_FINAL15_@ENQ_1754006400,5,FIRST_ALTERNATING_TRIANGLE,FIXED_200PTS,ADAPTIVE_MFE_GIVEBACK,SELL,2025.12.12 11:00:00,2025.12.12 11:30:00,1765539000271,26069.25,26070.25,26069.25,26269.25,25817.5,200.0,2025.12.12 18:12:01,1765563121363,25822.0,25824.75,25817.5,MFE_GIVEBACK_STOP,251.75,1007.0,503.5,1.2,502.3,1.25875,24121,63.0,451.75,False,True,35.58500708188194,3204.800000000003,4535.700000000002,1330.8999999999987,
695,QUANTORA_FIRST_TRIANGLE_FINAL15_@ENQ_1754006400,5,FIRST_ALTERNATING_TRIANGLE,FIXED_200PTS,ADAPTIVE_MFE_GIVEBACK,BUY,2025.12.17 02:00:00,2025.12.17 02:30:00,1765938600344,25614.5,25615.25,25615.25,25415.25,25415.25,200.0,2025.12.17 15:44:02,1765986242173,25415.25,25416.5,25415.25,MFE_GIVEBACK_STOP,-200.0,-800.0,-400.0,1.2,-401.2,-1.0,47642,200.0,149.25,False,False,63.23814741403343,2803.600000000003,4535.700000000002,1732.0999999999985,
710,QUANTORA_FIRST_TRIANGLE_FINAL15_@ENQ_1754006400,5,FIRST_ALTERNATING_TRIANGLE,FIXED_200PTS,ADAPTIVE_MFE_GIVEBACK,SELL,2025.12.17 15:30:00,2025.12.17 16:00:00,1765987200104,25327.75,25329.75,25327.75,25527.75,25527.75,200.0,2025.12.18 13:47:27,1766065647589,25526.5,25527.75,25527.75,MFE_GIVEBACK_STOP,-200.0,-800.0,-400.0,1.2,-401.2,-1.0,78447,200.0,169.25,False,False,84.61211993161092,2402.4000000000033,4535.700000000002,2133.2999999999984,
725,QUANTORA_FIRST_TRIANGLE_FINAL15_@ENQ_1754006400,5,FIRST_ALTERNATING_TRIANGLE,FIXED_200PTS,ADAPTIVE_MFE_GIVEBACK,BUY,2025.12.21 23:00:00,2025.12.21 23:30:00,1766359800030,25647.0,25648.0,25648.0,25448.0,25448.0,200.0,2025.12.22 17:30:00,1766424600035,25699.0,25699.25,25699.0,OPPOSITE_TRIANGLE,51.0,204.0,102.0,1.2,100.8,0.255,64800,18.5,146.0,False,False,61.26859694779673,2503.2000000000035,4535.700000000002,2032.4999999999982,
740,QUANTORA_FIRST_TRIANGLE_FINAL15_@ENQ_1754006400,5,FIRST_ALTERNATING_TRIANGLE,FIXED_200PTS,ADAPTIVE_MFE_GIVEBACK,SELL,2025.12.22 17:00:00,2025.12.22 17:30:00,1766424600035,25699.0,25699.25,25699.0,25899.0,25899.0,200.0,2025.12.23 20:00:00,1766520000012,25797.0,25797.5,25797.5,OPPOSITE_TRIANGLE,-98.5,-394.0,-197.0,1.2,-198.2,-0.4925,95400,101.75,90.0,False,False,39.03721938777193,2305.0000000000036,4535.700000000002,2230.699999999998,
755,QUANTORA_FIRST_TRIANGLE_FINAL15_@ENQ_1754006400,5,FIRST_ALTERNATING_TRIANGLE,FIXED_200PTS,ADAPTIVE_MFE_GIVEBACK,BUY,2025.12.23 19:30:00,2025.12.23 20:00:00,1766520000012,25797.0,25797.5,25797.5,25597.5,25597.5,200.0,2025.12.29 03:00:08,1766977208343,25844.0,25845.25,25844.0,OPPOSITE_TRIANGLE,46.5,186.0,93.0,1.2,91.8,0.2325,457208,20.0,137.0,False,False,31.344089638689088,2396.800000000004,4535.700000000002,2138.899999999998,
770,QUANTORA_FIRST_TRIANGLE_FINAL15_@ENQ_1754006400,5,FIRST_ALTERNATING_TRIANGLE,FIXED_200PTS,ADAPTIVE_MFE_GIVEBACK,SELL,2025.12.29 02:30:00,2025.12.29 03:00:08,1766977208343,25844.0,25845.25,25844.0,26044.0,26044.0,200.0,2025.12.30 16:30:00,1767112200002,25773.75,25774.0,25774.0,OPPOSITE_TRIANGLE,70.0,280.0,140.0,1.2,138.8,0.35,134992,24.0,195.75,False,False,25.453250373847396,2535.600000000004,4535.700000000002,2000.0999999999976,
785,QUANTORA_FIRST_TRIANGLE_FINAL15_@ENQ_1754006400,5,FIRST_ALTERNATING_TRIANGLE,FIXED_200PTS,ADAPTIVE_MFE_GIVEBACK,BUY,2025.12.30 16:00:00,2025.12.30 16:30:00,1767112200002,25773.75,25774.0,25774.0,25574.0,25574.0,200.0,2025.12.31 04:00:00,1767153600118,25616.0,25616.75,25616.0,OPPOSITE_TRIANGLE,-158.0,-632.0,-316.0,1.2,-317.2,-0.79,41400,186.0,2.5,False,False,42.79221265503087,2218.400000000004,4535.700000000002,2317.2999999999975,
800,QUANTORA_FIRST_TRIANGLE_FINAL15_@ENQ_1754006400,5,FIRST_ALTERNATING_TRIANGLE,FIXED_200PTS,ADAPTIVE_MFE_GIVEBACK,SELL,2025.12.31 03:30:00,2025.12.31 04:00:00,1767153600118,25616.0,25616.75,25616.0,25816.0,25415.75,200.0,2026.01.02 19:25:05,1767381905776,25415.0,25415.75,25415.75,MFE_GIVEBACK_STOP,200.25,801.0,400.5,1.2,399.3,1.00125,228305,188.0,350.25,False,True,27.52569235848997,2617.7000000000044,4535.700000000002,1917.9999999999973,
815,QUANTORA_FIRST_TRIANGLE_FINAL15_@ENQ_1754006400,5,FIRST_ALTERNATING_TRIANGLE,FIXED_200PTS,ADAPTIVE_MFE_GIVEBACK,BUY,2026.01.06 03:00:00,2026.01.06 03:30:01,1767670201035,25622.5,25623.0,25623.0,25423.0,25846.25,200.0,2026.01.07 20:31:27,1767817887522,25846.25,25847.25,25846.25,MFE_GIVEBACK_STOP,223.25,893.0,446.5,1.2,445.3,1.11625,147686,96.25,373.25,False,True,29.57577372162706,3063.0000000000045,4535.700000000002,1472.699999999997,
830,QUANTORA_FIRST_TRIANGLE_FINAL15_@ENQ_1754006400,5,FIRST_ALTERNATING_TRIANGLE,FIXED_200PTS,ADAPTIVE_MFE_GIVEBACK,SELL,2026.01.08 15:00:00,2026.01.08 15:30:00,1767886200010,25696.5,25697.25,25696.5,25896.5,25896.5,200.0,2026.01.09 16:13:52,1767975232056,25896.0,25896.75,25896.5,MFE_GIVEBACK_STOP,-200.0,-800.0,-400.0,1.2,-401.2,-1.0,89032,200.25,112.5,False,False,61.736881307108526,2661.8000000000047,4535.700000000002,1873.899999999997,
845,QUANTORA_FIRST_TRIANGLE_FINAL15_@ENQ_1754006400,5,FIRST_ALTERNATING_TRIANGLE,FIXED_200PTS,ADAPTIVE_MFE_GIVEBACK,BUY,2026.01.09 20:30:00,2026.01.09 21:00:00,1767992400005,25932.5,25933.0,25933.0,25733.0,25733.0,200.0,2026.01.12 01:34:56,1768181696836,25732.75,25733.75,25733.0,MFE_GIVEBACK_STOP,-200.0,-800.0,-400.0,1.2,-401.2,-1.0,189296,200.25,24.5,False,False,54.07311351569401,2260.600000000005,4535.700000000002,2275.0999999999967,
860,QUANTORA_FIRST_TRIANGLE_FINAL15_@ENQ_1754006400,5,FIRST_ALTERNATING_TRIANGLE,FIXED_200PTS,ADAPTIVE_MFE_GIVEBACK,SELL,2026.01.14 05:00:00,2026.01.14 05:30:00,1768368600175,25864.25,25865.0,25864.25,26064.25,25683.5,200.0,2026.01.14 15:15:02,1768403702531,25686.75,25687.75,25683.5,MFE_GIVEBACK_STOP,180.75,723.0,361.5,1.2,360.3,0.90375,35102,14.75,330.75,False,True,33.21930120606322,2620.900000000005,4535.700000000002,1914.7999999999965,
875,QUANTORA_FIRST_TRIANGLE_FINAL15_@ENQ_1754006400,5,FIRST_ALTERNATING_TRIANGLE,FIXED_200PTS,ADAPTIVE_MFE_GIVEBACK,BUY,2026.01.20 14:30:00,2026.01.20 15:00:00,1768921200014,25321.25,25323.0,25323.0,25123.0,25123.0,200.0,2026.01.20 20:14:57,1768940097504,25123.0,25124.0,25123.0,MFE_GIVEBACK_STOP,-200.0,-800.0,-400.0,1.2,-401.2,-1.0,18897,200.0,105.75,False,False,64.50868893221914,2219.7000000000053,4535.700000000002,2315.9999999999964,
890,QUANTORA_FIRST_TRIANGLE_FINAL15_@ENQ_1754006400,5,FIRST_ALTERNATING_TRIANGLE,FIXED_200PTS,ADAPTIVE_MFE_GIVEBACK,SELL,2026.01.23 08:30:00,2026.01.23 09:00:00,1769158800044,25600.75,25602.25,25600.75,25800.75,25800.75,200.0,2026.01.23 15:48:45,1769183325869,25799.0,25801.25,25800.75,MFE_GIVEBACK_STOP,-200.0,-800.0,-400.0,1.2,-401.2,-1.0,24525,200.5,60.0,False,False,35.77452504324373,1818.5000000000052,4535.700000000002,2717.199999999996,
905,QUANTORA_FIRST_TRIANGLE_FINAL15_@ENQ_1754006400,5,FIRST_ALTERNATING_TRIANGLE,FIXED_200PTS,ADAPTIVE_MFE_GIVEBACK,BUY,2026.01.23 19:00:00,2026.01.23 19:30:00,1769196600023,25745.25,25745.75,25745.75,25545.75,25545.75,200.0,2026.01.25 23:00:00,1769382000330,25515.5,25539.25,25545.75,MFE_GIVEBACK_STOP,-200.0,-800.0,-400.0,1.2,-401.2,-1.0,185400,230.25,12.5,False,False,62.50056302310092,1417.3000000000052,4535.700000000002,3118.3999999999965,
920,QUANTORA_FIRST_TRIANGLE_FINAL15_@ENQ_1754006400,5,FIRST_ALTERNATING_TRIANGLE,FIXED_200PTS,ADAPTIVE_MFE_GIVEBACK,SELL,2026.01.28 19:30:00,2026.01.28 20:00:00,1769630400020,26160.25,26161.0,26160.25,26360.25,25736.25,200.0,2026.01.29 16:47:38,1769705258151,25735.75,25736.5,25736.25,MFE_GIVEBACK_STOP,424.0,1696.0,848.0,1.2,846.8,2.12,74858,135.75,624.0,False,True,56.12541124637342,2264.100000000005,4535.700000000002,2271.5999999999967,
935,QUANTORA_FIRST_TRIANGLE_FINAL15_@ENQ_1754006400,5,FIRST_ALTERNATING_TRIANGLE,FIXED_200PTS,ADAPTIVE_MFE_GIVEBACK,BUY,2026.02.02 16:00:00,2026.02.02 16:30:00,1770049800035,25893.0,25893.5,25893.5,25693.5,25693.5,200.0,2026.02.03 14:56:02,1770130562860,25693.5,25694.0,25693.5,MFE_GIVEBACK_STOP,-200.0,-800.0,-400.0,1.2,-401.2,-1.0,80762,200.0,133.75,False,False,91.6603669576801,1862.9000000000049,4535.700000000002,2672.7999999999965,
950,QUANTORA_FIRST_TRIANGLE_FINAL15_@ENQ_1754006400,5,FIRST_ALTERNATING_TRIANGLE,FIXED_200PTS,ADAPTIVE_MFE_GIVEBACK,SELL,2026.02.03 16:30:00,2026.02.03 17:00:00,1770138000021,25491.25,25491.75,25491.25,25691.25,25369.25,200.0,2026.02.03 20:32:01,1770150721686,25368.5,25369.25,25369.25,MFE_GIVEBACK_STOP,122.0,488.0,244.0,1.2,242.8,0.61,12721,11.5,272.0,False,True,85.79879781707675,2105.700000000005,4535.700000000002,2429.999999999997,
965,QUANTORA_FIRST_TRIANGLE_FINAL15_@ENQ_1754006400,5,FIRST_ALTERNATING_TRIANGLE,FIXED_200PTS,ADAPTIVE_MFE_GIVEBACK,BUY,2026.02.06 20:00:00,2026.02.06 20:30:00,1770409800004,25109.25,25109.75,25109.75,24909.75,25196.25,200.0,2026.02.09 01:57:18,1770602238658,25194.5,25198.75,25196.25,MFE_GIVEBACK_STOP,86.5,346.0,173.0,1.2,171.8,0.4325,192438,20.0,236.5,False,True,81.20485829111011,2277.500000000005,4535.700000000002,2258.1999999999966,
980,QUANTORA_FIRST_TRIANGLE_FINAL15_@ENQ_1754006400,5,FIRST_ALTERNATING_TRIANGLE,FIXED_200PTS,ADAPTIVE_MFE_GIVEBACK,SELL,2026.02.10 23:00:00,2026.02.10 23:30:03,1770766203250,25277.5,25278.5,25277.5,25477.5,25208.5,200.0,2026.02.11 15:52:16,1770825136589,25212.75,25215.0,25208.5,MFE_GIVEBACK_STOP,69.0,276.0,138.0,1.2,136.8,0.345,58933,188.25,219.0,False,True,52.451400137747456,2414.300000000005,4535.700000000002,2121.3999999999965,
995,QUANTORA_FIRST_TRIANGLE_FINAL15_@ENQ_1754006400,5,FIRST_ALTERNATING_TRIANGLE,FIXED_200PTS,ADAPTIVE_MFE_GIVEBACK,BUY,2026.02.16 01:00:00,2026.02.16 01:30:00,1771205400086,24834.25,24835.25,24835.25,24635.25,24635.25,200.0,2026.02.17 02:00:00,1771293600028,24666.75,24668.25,24666.75,OPPOSITE_TRIANGLE,-168.5,-674.0,-337.0,1.2,-338.2,-0.8425,88200,185.25,86.0,False,False,54.34372076733947,2076.1000000000054,4535.700000000002,2459.5999999999963,
1010,QUANTORA_FIRST_TRIANGLE_FINAL15_@ENQ_1754006400,5,FIRST_ALTERNATING_TRIANGLE,FIXED_200PTS,ADAPTIVE_MFE_GIVEBACK,SELL,2026.02.17 01:30:00,2026.02.17 02:00:00,1771293600028,24666.75,24668.25,24666.75,24866.75,24614.5,200.0,2026.02.17 15:18:49,1771341529356,24613.75,24614.5,24614.5,MFE_GIVEBACK_STOP,52.25,209.0,104.5,1.2,103.3,0.26125,47929,149.25,202.25,False,True,59.6110348955749,2179.4000000000055,4535.700000000002,2356.299999999996,
1025,QUANTORA_FIRST_TRIANGLE_FINAL15_@ENQ_1754006400,5,FIRST_ALTERNATING_TRIANGLE,FIXED_200PTS,ADAPTIVE_MFE_GIVEBACK,BUY,2026.02.17 21:30:00,2026.02.17 23:00:00,1771369200033,24768.25,24769.5,24769.5,24569.5,24977.75,200.0,2026.02.18 19:30:19,1771443019759,24977.75,24978.25,24977.75,MFE_GIVEBACK_STOP,208.25,833.0,416.5,1.2,415.3,1.04125,73819,68.75,358.25,False,True,89.18351363354401,2594.7000000000057,4535.700000000002,1940.999999999996,
1040,QUANTORA_FIRST_TRIANGLE_FINAL15_@ENQ_1754006400,5,FIRST_ALTERNATING_TRIANGLE,FIXED_200PTS,ADAPTIVE_MFE_GIVEBACK,SELL,2026.02.20 11:00:00,2026.02.20 11:30:01,1771587001068,24878.0,24878.75,24878.0,25078.0,25078.0,200.0,2026.02.20 15:02:01,1771599721826,25074.25,25080.0,25078.0,MFE_GIVEBACK_STOP,-200.0,-800.0,-400.0,1.2,-401.2,-1.0,12720,202.0,199.5,False,False,38.53077125496103,2193.500000000006,4535.700000000002,2342.1999999999957,
1055,QUANTORA_FIRST_TRIANGLE_FINAL15_@ENQ_1754006400,5,FIRST_ALTERNATING_TRIANGLE,FIXED_200PTS,ADAPTIVE_MFE_GIVEBACK,BUY,2026.02.20 15:30:00,2026.02.20 16:00:00,1771603200034,25118.25,25118.75,25118.75,24918.75,24918.75,200.0,2026.02.20 17:20:33,1771608033325,24917.75,24920.25,24918.75,MFE_GIVEBACK_STOP,-200.0,-800.0,-400.0,1.2,-401.2,-1.0,4833,201.0,20.25,False,False,105.91352002539416,1792.3000000000059,4535.700000000002,2743.399999999996,
1070,QUANTORA_FIRST_TRIANGLE_FINAL15_@ENQ_1754006400,5,FIRST_ALTERNATING_TRIANGLE,FIXED_200PTS,ADAPTIVE_MFE_GIVEBACK,SELL,2026.02.23 20:30:00,2026.02.23 21:00:00,1771880400020,24766.25,24766.75,24766.25,24966.25,24966.25,200.0,2026.02.24 15:26:44,1771946804962,24965.25,24967.5,24966.25,MFE_GIVEBACK_STOP,-200.0,-800.0,-400.0,1.2,-401.2,-1.0,66404,201.25,71.5,False,False,67.49847309384928,1391.1000000000058,4535.700000000002,3144.599999999996,
1085,QUANTORA_FIRST_TRIANGLE_FINAL15_@ENQ_1754006400,5,FIRST_ALTERNATING_TRIANGLE,FIXED_200PTS,ADAPTIVE_MFE_GIVEBACK,BUY,2026.02.24 20:00:00,2026.02.24 20:30:00,1771965000010,24998.75,24999.25,24999.25,24799.25,25293.25,200.0,2026.02.25 23:41:59,1772062919611,25292.75,25293.25,25293.25,MFE_GIVEBACK_STOP,294.0,1176.0,588.0,1.2,586.8,1.47,97919,7.25,494.0,False,True,62.5091341579008,1977.9000000000058,4535.700000000002,2557.7999999999956,
1100,QUANTORA_FIRST_TRIANGLE_FINAL15_@ENQ_1754006400,5,FIRST_ALTERNATING_TRIANGLE,FIXED_200PTS,ADAPTIVE_MFE_GIVEBACK,SELL,2026.02.26 15:30:00,2026.02.26 16:00:00,1772121600021,24998.75,24999.5,24998.75,25198.75,24933.25,200.0,2026.02.27 14:49:13,1772203753430,24931.75,24933.25,24933.25,MFE_GIVEBACK_STOP,65.5,262.0,131.0,1.2,129.8,0.3275,82153,100.5,215.5,False,True,82.78306277197711,2107.7000000000057,4535.700000000002,2427.999999999996,
1115,QUANTORA_FIRST_TRIANGLE_FINAL15_@ENQ_1754006400,5,FIRST_ALTERNATING_TRIANGLE,FIXED_200PTS,ADAPTIVE_MFE_GIVEBACK,BUY,2026.03.02 14:30:00,2026.03.02 15:00:00,1772463600001,24858.0,24862.0,24862.0,24662.0,24950.5,200.0,2026.03.02 20:15:03,1772482503660,24950.5,24951.0,24950.5,MFE_GIVEBACK_STOP,88.5,354.0,177.0,1.2,175.8,0.4425,18903,59.5,238.5,False,True,95.08666027606606,2283.500000000006,4535.700000000002,2252.1999999999957,
1130,QUANTORA_FIRST_TRIANGLE_FINAL15_@ENQ_1754006400,5,FIRST_ALTERNATING_TRIANGLE,FIXED_200PTS,ADAPTIVE_MFE_GIVEBACK,SELL,2026.03.06 09:00:00,2026.03.06 09:30:00,1772789400013,24960.75,24962.0,24960.75,25160.75,24762.25,200.0,2026.03.06 15:00:21,1772809221015,24761.25,24762.75,24762.25,MFE_GIVEBACK_STOP,198.5,794.0,397.0,1.2,395.8,0.9925,19821,20.25,348.5,False,True,59.26991876606147,2679.300000000006,4535.700000000002,1856.3999999999955,
1145,QUANTORA_FIRST_TRIANGLE_FINAL15_@ENQ_1754006400,5,FIRST_ALTERNATING_TRIANGLE,FIXED_200PTS,ADAPTIVE_MFE_GIVEBACK,BUY,2026.03.09 19:30:00,2026.03.09 20:00:00,1773086400012,24990.75,24991.0,24991.0,24791.0,25067.0,200.0,2026.03.10 18:14:42,1773166482469,25067.0,25069.25,25067.0,MFE_GIVEBACK_STOP,76.0,304.0,152.0,1.2,150.8,0.38,80082,160.75,226.0,False,True,120.72230223273,2830.1000000000063,4535.700000000002,1705.5999999999954,
1160,QUANTORA_FIRST_TRIANGLE_FINAL15_@ENQ_1754006400,5,FIRST_ALTERNATING_TRIANGLE,FIXED_200PTS,ADAPTIVE_MFE_GIVEBACK,SELL,2026.03.11 22:30:00,2026.03.11 23:00:00,1773270000109,24848.5,24850.0,24848.5,25048.5,24711.5,200.0,2026.03.12 16:21:17,1773332477140,24710.5,24711.75,24711.5,MFE_GIVEBACK_STOP,137.0,548.0,274.0,1.2,272.8,0.685,62477,80.0,287.0,False,True,73.40972716908144,3102.9000000000065,4535.700000000002,1432.7999999999952,
1175,QUANTORA_FIRST_TRIANGLE_FINAL15_@ENQ_1754006400,5,FIRST_ALTERNATING_TRIANGLE,FIXED_200PTS,ADAPTIVE_MFE_GIVEBACK,BUY,2026.03.17 12:00:00,2026.03.17 12:30:00,1773750600874,24693.25,24695.0,24695.0,24495.0,24745.75,200.0,2026.03.17 15:36:50,1773761810247,24745.75,24747.0,24745.75,MFE_GIVEBACK_STOP,50.75,203.0,101.5,1.2,100.3,0.25375,11210,2.5,200.75,False,True,51.363381022874975,3203.2000000000066,4535.700000000002,1332.499999999995,
1190,QUANTORA_FIRST_TRIANGLE_FINAL15_@ENQ_1754006400,5,FIRST_ALTERNATING_TRIANGLE,FIXED_200PTS,ADAPTIVE_MFE_GIVEBACK,SELL,2026.03.18 18:00:00,2026.03.18 18:30:00,1773858600009,24636.0,24637.0,24636.0,24836.0,24447.25,200.0,2026.03.19 01:43:13,1773884593326,24444.0,24447.75,24447.25,MFE_GIVEBACK_STOP,188.75,755.0,377.5,1.2,376.3,0.94375,25993,10.25,338.75,False,True,66.47657461203335,3579.500000000007,4535.700000000002,956.1999999999948,
1205,QUANTORA_FIRST_TRIANGLE_FINAL15_@ENQ_1754006400,5,FIRST_ALTERNATING_TRIANGLE,FIXED_200PTS,ADAPTIVE_MFE_GIVEBACK,BUY,2026.03.20 00:30:00,2026.03.20 01:00:00,1773968400075,24598.5,24599.0,24599.0,24399.0,24399.0,200.0,2026.03.20 10:01:57,1774000917844,24399.0,24399.75,24399.0,MFE_GIVEBACK_STOP,-200.0,-800.0,-400.0,1.2,-401.2,-1.0,32517,200.0,61.25,False,False,78.08720402041826,3178.300000000007,4535.700000000002,1357.3999999999946,
1220,QUANTORA_FIRST_TRIANGLE_FINAL15_@ENQ_1754006400,5,FIRST_ALTERNATING_TRIANGLE,FIXED_200PTS,ADAPTIVE_MFE_GIVEBACK,SELL,2026.03.20 12:00:00,2026.03.20 12:30:00,1774009800704,24492.75,24493.75,24492.75,24692.75,24172.25,200.0,2026.03.20 20:38:35,1774039115174,24171.5,24172.25,24172.25,MFE_GIVEBACK_STOP,320.5,1282.0,641.0,1.2,639.8,1.6025,29315,35.25,520.5,False,True,67.02633797868313,3818.1000000000067,4535.700000000002,717.5999999999949,
1235,QUANTORA_FIRST_TRIANGLE_FINAL15_@ENQ_1754006400,5,FIRST_ALTERNATING_TRIANGLE,FIXED_200PTS,ADAPTIVE_MFE_GIVEBACK,BUY,2026.03.23 15:30:00,2026.03.23 16:00:00,1774281600029,24380.75,24381.75,24381.75,24181.75,24181.75,200.0,2026.03.24 13:40:51,1774359651960,24181.75,24182.75,24181.75,MFE_GIVEBACK_STOP,-200.0,-800.0,-400.0,1.2,-401.2,-1.0,78051,200.0,154.5,False,False,168.59681315583595,3416.900000000007,4535.700000000002,1118.7999999999947,
1250,QUANTORA_FIRST_TRIANGLE_FINAL15_@ENQ_1754006400,5,FIRST_ALTERNATING_TRIANGLE,FIXED_200PTS,ADAPTIVE_MFE_GIVEBACK,SELL,2026.03.24 17:30:00,2026.03.24 18:00:00,1774375200018,24242.0,24243.0,24242.0,24442.0,24442.0,200.0,2026.03.24 20:22:25,1774383745373,24438.75,24443.75,24442.0,MFE_GIVEBACK_STOP,-200.0,-800.0,-400.0,1.2,-401.2,-1.0,8545,201.75,52.0,False,False,102.28878516063436,3015.700000000007,4535.700000000002,1519.9999999999945,
1265,QUANTORA_FIRST_TRIANGLE_FINAL15_@ENQ_1754006400,5,FIRST_ALTERNATING_TRIANGLE,FIXED_200PTS,ADAPTIVE_MFE_GIVEBACK,BUY,2026.03.31 17:00:00,2026.03.31 17:30:00,1774978200013,23804.5,23805.25,23805.25,23605.25,24030.75,200.0,2026.04.01 08:54:16,1775033656730,24030.25,24033.25,24030.75,MFE_GIVEBACK_STOP,225.5,902.0,451.0,1.2,449.8,1.1275,55456,58.0,375.5,False,True,124.24472523763154,3465.5000000000073,4535.700000000002,1070.1999999999944,
1280,QUANTORA_FIRST_TRIANGLE_FINAL15_@ENQ_1754006400,5,FIRST_ALTERNATING_TRIANGLE,FIXED_200PTS,ADAPTIVE_MFE_GIVEBACK,SELL,2026.04.02 06:30:00,2026.04.02 07:00:00,1775113200028,23815.5,23816.25,23815.5,24015.5,24015.5,200.0,2026.04.02 14:30:00,1775140200023,23941.0,23942.0,23942.0,OPPOSITE_TRIANGLE,-126.5,-506.0,-253.0,1.2,-254.2,-0.6325,27000,189.25,148.25,False,False,59.72449870682609,3211.3000000000075,4535.700000000002,1324.3999999999942,
1295,QUANTORA_FIRST_TRIANGLE_FINAL15_@ENQ_1754006400,5,FIRST_ALTERNATING_TRIANGLE,FIXED_200PTS,ADAPTIVE_MFE_GIVEBACK,BUY,2026.04.02 14:00:00,2026.04.02 14:30:00,1775140200023,23941.0,23942.0,23942.0,23742.0,24113.0,200.0,2026.04.02 14:50:00,1775141400638,24112.75,24113.75,24113.0,MFE_GIVEBACK_STOP,171.0,684.0,342.0,1.2,340.8,0.855,1200,10.5,321.0,False,True,82.34608339471976,3552.1000000000076,4535.700000000002,983.599999999994,
1310,QUANTORA_FIRST_TRIANGLE_FINAL15_@ENQ_1754006400,5,FIRST_ALTERNATING_TRIANGLE,FIXED_200PTS,ADAPTIVE_MFE_GIVEBACK,SELL,2026.04.07 14:00:00,2026.04.07 14:30:00,1775572200020,24107.5,24108.25,24107.5,24307.5,24307.5,200.0,2026.04.07 19:45:51,1775591151583,24306.75,24307.75,24307.5,MFE_GIVEBACK_STOP,-200.0,-800.0,-400.0,1.2,-401.2,-1.0,18951,200.25,165.5,False,False,88.46355657156049,3150.900000000008,4535.700000000002,1384.7999999999938,
1325,QUANTORA_FIRST_TRIANGLE_FINAL15_@ENQ_1754006400,5,FIRST_ALTERNATING_TRIANGLE,FIXED_200PTS,ADAPTIVE_MFE_GIVEBACK,BUY,2026.04.08 00:30:00,2026.04.08 01:00:01,1775610001093,25080.0,25081.5,25081.5,24881.5,24881.5,200.0,2026.04.09 04:30:05,1775709005180,25013.5,25014.5,25013.5,OPPOSITE_TRIANGLE,-68.0,-272.0,-136.0,1.2,-137.2,-0.34,99004,155.25,175.0,False,False,143.27079351421833,3013.700000000008,4535.700000000002,1521.9999999999936,
1340,QUANTORA_FIRST_TRIANGLE_FINAL15_@ENQ_1754006400,5,FIRST_ALTERNATING_TRIANGLE,FIXED_200PTS,ADAPTIVE_MFE_GIVEBACK,SELL,2026.04.09 04:00:00,2026.04.09 04:30:05,1775709005180,25013.5,25014.5,25013.5,25213.5,25213.5,200.0,2026.04.09 16:01:21,1775750481350,25212.5,25213.75,25213.5,MFE_GIVEBACK_STOP,-200.0,-800.0,-400.0,1.2,-401.2,-1.0,41476,200.25,60.25,False,False,38.50577690342495,2612.500000000008,4535.700000000002,1923.1999999999935,
1355,QUANTORA_FIRST_TRIANGLE_FINAL15_@ENQ_1754006400,5,FIRST_ALTERNATING_TRIANGLE,FIXED_200PTS,ADAPTIVE_MFE_GIVEBACK,BUY,2026.04.09 20:00:00,2026.04.09 20:30:00,1775766600332,25239.75,25240.5,25240.5,25040.5,25040.5,200.0,2026.04.12 22:00:00,1776031200304,24960.0,24970.25,25040.5,MFE_GIVEBACK_STOP,-200.0,-800.0,-400.0,1.2,-401.2,-1.0,264600,280.5,152.25,False,False,61.01226782580517,2211.3000000000084,4535.700000000002,2324.3999999999933,
1370,QUANTORA_FIRST_TRIANGLE_FINAL15_@ENQ_1754006400,5,FIRST_ALTERNATING_TRIANGLE,FIXED_200PTS,ADAPTIVE_MFE_GIVEBACK,SELL,2026.04.13 00:30:00,2026.04.13 01:00:00,1776042000066,25055.5,25056.0,25055.5,25255.5,25255.5,200.0,2026.04.13 13:49:15,1776088155771,25254.25,25255.75,25255.5,MFE_GIVEBACK_STOP,-200.0,-800.0,-400.0,1.2,-401.2,-1.0,46155,200.25,4.0,False,False,72.88296636455348,1810.1000000000083,4535.700000000002,2725.599999999993,
1385,QUANTORA_FIRST_TRIANGLE_FINAL15_@ENQ_1754006400,5,FIRST_ALTERNATING_TRIANGLE,FIXED_200PTS,ADAPTIVE_MFE_GIVEBACK,BUY,2026.04.13 14:00:00,2026.04.13 14:30:00,1776090600013,25296.0,25296.5,25296.5,25096.5,26632.25,200.0,2026.04.19 22:00:00,1776636000363,26593.75,26595.5,26632.25,MFE_GIVEBACK_STOP,1335.75,5343.0,2671.5,1.2,2670.3,6.67875,545400,19.25,1585.75,False,True,58.67652920998921,4480.400000000009,4535.700000000002,55.299999999992906,
1400,QUANTORA_FIRST_TRIANGLE_FINAL15_@ENQ_1754006400,5,FIRST_ALTERNATING_TRIANGLE,FIXED_200PTS,ADAPTIVE_MFE_GIVEBACK,SELL,2026.04.21 14:30:00,2026.04.21 15:00:00,1776783600004,26737.0,26737.75,26737.0,26937.0,26937.0,200.0,2026.04.22 14:15:15,1776867315546,26936.0,26937.25,26937.0,MFE_GIVEBACK_STOP,-200.0,-800.0,-400.0,1.2,-401.2,-1.0,83715,200.25,185.0,False,False,54.241081649464014,4079.200000000009,4535.700000000002,456.4999999999927,
1415,QUANTORA_FIRST_TRIANGLE_FINAL15_@ENQ_1754006400,5,FIRST_ALTERNATING_TRIANGLE,FIXED_200PTS,ADAPTIVE_MFE_GIVEBACK,BUY,2026.04.22 19:00:00,2026.04.22 19:30:00,1776886200001,27045.0,27045.25,27045.25,26845.25,26845.25,200.0,2026.04.23 17:40:15,1776966015240,26844.0,26846.0,26845.25,MFE_GIVEBACK_STOP,-200.0,-800.0,-400.0,1.2,-401.2,-1.0,79815,201.25,147.75,False,False,54.71321051161188,3678.000000000009,4535.700000000002,857.6999999999925,
1430,QUANTORA_FIRST_TRIANGLE_FINAL15_@ENQ_1754006400,5,FIRST_ALTERNATING_TRIANGLE,FIXED_200PTS,ADAPTIVE_MFE_GIVEBACK,SELL,2026.04.23 19:30:00,2026.04.23 20:00:00,1776974400023,26925.75,26926.5,26925.75,27125.75,27125.75,200.0,2026.04.24 00:29:45,1776990585828,27123.75,27125.75,27125.75,MFE_GIVEBACK_STOP,-200.0,-800.0,-400.0,1.2,-401.2,-1.0,16185,200.0,41.75,False,False,102.4506766544106,3276.8000000000093,4535.700000000002,1258.8999999999924,
1445,QUANTORA_FIRST_TRIANGLE_FINAL15_@ENQ_1754006400,5,FIRST_ALTERNATING_TRIANGLE,FIXED_200PTS,ADAPTIVE_MFE_GIVEBACK,BUY,2026.04.26 12:30:00,2026.04.26 22:00:00,1777240800226,27511.25,27295.0,27295.0,27095.0,27361.25,200.0,2026.04.26 22:04:19,1777241059828,27361.0,27366.0,27361.25,MFE_GIVEBACK_STOP,66.25,265.0,132.5,1.2,131.3,0.33125,259,0.0,216.25,False,True,24.704698984424414,3408.1000000000095,4535.700000000002,1127.5999999999922,
1460,QUANTORA_FIRST_TRIANGLE_FINAL15_@ENQ_1754006400,5,FIRST_ALTERNATING_TRIANGLE,FIXED_200PTS,ADAPTIVE_MFE_GIVEBACK,SELL,2026.04.28 02:30:00,2026.04.28 03:00:01,1777345201448,27394.0,27394.75,27394.0,27594.0,27186.75,200.0,2026.04.28 13:38:31,1777383511010,27185.0,27187.0,27186.75,MFE_GIVEBACK_STOP,207.25,829.0,414.5,1.2,413.3,1.03625,38310,45.75,357.25,False,True,39.4724364174109,3821.4000000000096,4535.700000000002,714.299999999992,
1475,QUANTORA_FIRST_TRIANGLE_FINAL15_@ENQ_1754006400,5,FIRST_ALTERNATING_TRIANGLE,FIXED_200PTS,ADAPTIVE_MFE_GIVEBACK,BUY,2026.04.29 19:30:00,2026.04.29 20:00:00,1777492800015,27336.0,27336.75,27336.75,27136.75,27136.75,200.0,2026.04.29 20:14:20,1777493660265,27136.25,27138.25,27136.75,MFE_GIVEBACK_STOP,-200.0,-800.0,-400.0,1.2,-401.2,-1.0,860,200.5,76.75,False,False,73.67366104481997,3420.20000000001,4535.700000000002,1115.4999999999918,
1490,QUANTORA_FIRST_TRIANGLE_FINAL15_@ENQ_1754006400,5,FIRST_ALTERNATING_TRIANGLE,FIXED_200PTS,ADAPTIVE_MFE_GIVEBACK,SELL,2026.04.30 14:00:00,2026.04.30 14:30:00,1777559400006,27228.25,27229.0,27228.25,27428.25,27428.25,200.0,2026.04.30 15:31:23,1777563083260,27427.75,27428.25,27428.25,MFE_GIVEBACK_STOP,-200.0,-800.0,-400.0,1.2,-401.2,-1.0,3683,200.0,56.5,False,False,100.47710668861392,3019.00000000001,4535.700000000002,1516.6999999999916,
1505,QUANTORA_FIRST_TRIANGLE_FINAL15_@ENQ_1754006400,5,FIRST_ALTERNATING_TRIANGLE,FIXED_200PTS,ADAPTIVE_MFE_GIVEBACK,BUY,2026.05.01 14:00:00,2026.05.01 14:30:00,1777645800046,27871.0,27871.5,27871.5,27671.5,27671.5,200.0,2026.05.04 10:08:13,1777889293332,27671.5,27673.25,27671.5,MFE_GIVEBACK_STOP,-200.0,-800.0,-400.0,1.2,-401.2,-1.0,243493,200.0,94.25,False,False,59.98029761131983,2617.80000000001,4535.700000000002,1917.8999999999915,
1520,QUANTORA_FIRST_TRIANGLE_FINAL15_@ENQ_1754006400,5,FIRST_ALTERNATING_TRIANGLE,FIXED_200PTS,ADAPTIVE_MFE_GIVEBACK,SELL,2026.05.04 18:30:00,2026.05.04 19:00:00,1777921200029,27759.0,27759.5,27759.0,27959.0,27959.0,200.0,2026.05.05 10:34:35,1777977275933,27957.75,27959.0,27959.0,MFE_GIVEBACK_STOP,-200.0,-800.0,-400.0,1.2,-401.2,-1.0,56075,200.0,26.0,False,False,79.83723650109889,2216.6000000000104,4535.700000000002,2319.0999999999913,
1535,QUANTORA_FIRST_TRIANGLE_FINAL15_@ENQ_1754006400,5,FIRST_ALTERNATING_TRIANGLE,FIXED_200PTS,ADAPTIVE_MFE_GIVEBACK,BUY,2026.05.05 16:00:00,2026.05.05 16:30:00,1777998600116,28115.75,28116.25,28116.25,27916.25,28274.25,200.0,2026.05.06 00:21:37,1778026897834,28273.75,28277.25,28274.25,MFE_GIVEBACK_STOP,158.0,632.0,316.0,1.2,314.8,0.79,28297,23.75,308.0,False,True,53.61429951742798,2531.4000000000106,4535.700000000002,2004.299999999991,
1550,QUANTORA_FIRST_TRIANGLE_FINAL15_@ENQ_1754006400,5,FIRST_ALTERNATING_TRIANGLE,FIXED_200PTS,ADAPTIVE_MFE_GIVEBACK,SELL,2026.05.07 23:30:00,2026.05.08 00:00:00,1778198400002,28678.5,28679.5,28678.5,28878.5,28878.5,200.0,2026.05.08 09:05:15,1778231115674,28877.75,28878.5,28878.5,MFE_GIVEBACK_STOP,-200.0,-800.0,-400.0,1.2,-401.2,-1.0,32715,200.0,0.0,False,False,83.1496774398382,2130.2000000000107,4535.700000000002,2405.499999999991,
1565,QUANTORA_FIRST_TRIANGLE_FINAL15_@ENQ_1754006400,5,FIRST_ALTERNATING_TRIANGLE,FIXED_200PTS,ADAPTIVE_MFE_GIVEBACK,BUY,2026.05.08 14:30:00,2026.05.08 15:00:00,1778252400051,29161.75,29162.5,29162.5,28962.5,29256.0,200.0,2026.05.10 22:01:42,1778450502886,29256.0,29257.75,29256.0,MFE_GIVEBACK_STOP,93.5,374.0,187.0,1.2,185.8,0.4675,198102,37.75,243.5,False,True,71.53923472297066,2316.000000000011,4535.700000000002,2219.6999999999907,
1580,QUANTORA_FIRST_TRIANGLE_FINAL15_@ENQ_1754006400,5,FIRST_ALTERNATING_TRIANGLE,FIXED_200PTS,ADAPTIVE_MFE_GIVEBACK,SELL,2026.05.12 15:00:00,2026.05.12 15:30:00,1778599800002,28876.75,28877.25,28876.75,29076.75,29076.75,200.0,2026.05.12 19:30:42,1778614242665,29076.25,29076.75,29076.75,MFE_GIVEBACK_STOP,-200.0,-800.0,-400.0,1.2,-401.2,-1.0,14442,200.0,134.25,False,False,90.77866592759864,1914.8000000000109,4535.700000000002,2620.8999999999905,
1595,QUANTORA_FIRST_TRIANGLE_FINAL15_@ENQ_1754006400,5,FIRST_ALTERNATING_TRIANGLE,FIXED_200PTS,ADAPTIVE_MFE_GIVEBACK,BUY,2026.05.13 22:00:00,2026.05.13 22:30:00,1778711400010,29557.25,29558.0,29558.0,29358.0,29631.75,200.0,2026.05.14 17:16:44,1778779004422,29631.25,29632.75,29631.75,MFE_GIVEBACK_STOP,73.75,295.0,147.5,1.2,146.3,0.36875,67604,109.75,223.75,False,True,68.34253253478529,2061.100000000011,4535.700000000002,2474.599999999991,
1610,QUANTORA_FIRST_TRIANGLE_FINAL15_@ENQ_1754006400,5,FIRST_ALTERNATING_TRIANGLE,FIXED_200PTS,ADAPTIVE_MFE_GIVEBACK,SELL,2026.05.18 00:00:00,2026.05.18 00:30:00,1779064200003,29010.0,29011.75,29010.0,29210.0,29210.0,200.0,2026.05.18 08:25:02,1779092702283,29209.25,29210.0,29210.0,MFE_GIVEBACK_STOP,-200.0,-800.0,-400.0,1.2,-401.2,-1.0,28502,200.0,83.0,False,False,97.76717042015665,1659.9000000000108,4535.700000000002,2875.799999999991,
1625,QUANTORA_FIRST_TRIANGLE_FINAL15_@ENQ_1754006400,5,FIRST_ALTERNATING_TRIANGLE,FIXED_200PTS,ADAPTIVE_MFE_GIVEBACK,BUY,2026.05.18 13:30:00,2026.05.18 14:00:00,1779112800074,29241.0,29243.0,29243.0,29043.0,29043.0,200.0,2026.05.18 14:33:58,1779114838101,29042.75,29044.5,29043.0,MFE_GIVEBACK_STOP,-200.0,-800.0,-400.0,1.2,-401.2,-1.0,2038,200.25,55.25,False,False,112.35394248118592,1258.7000000000107,4535.700000000002,3276.999999999991,
1640,QUANTORA_FIRST_TRIANGLE_FINAL15_@ENQ_1754006400,5,FIRST_ALTERNATING_TRIANGLE,FIXED_200PTS,ADAPTIVE_MFE_GIVEBACK,SELL,2026.05.18 15:00:00,2026.05.18 15:30:00,1779118200008,28959.5,28960.5,28959.5,29159.5,29159.5,200.0,2026.05.18 22:20:47,1779142847529,29159.5,29159.75,29159.5,MFE_GIVEBACK_STOP,-200.0,-800.0,-400.0,1.2,-401.2,-1.0,24647,200.25,144.5,False,False,131.12602406878452,857.5000000000107,4535.700000000002,3678.1999999999907,
1655,QUANTORA_FIRST_TRIANGLE_FINAL15_@ENQ_1754006400,5,FIRST_ALTERNATING_TRIANGLE,FIXED_200PTS,ADAPTIVE_MFE_GIVEBACK,BUY,2026.05.20 14:00:00,2026.05.20 14:30:00,1779287400011,29208.75,29209.75,29209.75,29009.75,29289.0,200.0,2026.05.21 06:50:01,1779346201199,29288.0,29291.0,29289.0,MFE_GIVEBACK_STOP,79.25,317.0,158.5,1.2,157.3,0.39625,58801,96.75,229.25,False,True,88.66367124829056,1014.8000000000106,4535.700000000002,3520.899999999991,
1670,QUANTORA_FIRST_TRIANGLE_FINAL15_@ENQ_1754006400,5,FIRST_ALTERNATING_TRIANGLE,FIXED_200PTS,ADAPTIVE_MFE_GIVEBACK,SELL,2026.05.26 01:30:00,2026.05.26 02:00:00,1779760800610,29813.5,29814.5,29813.5,30013.5,30013.5,200.0,2026.05.26 14:00:00,1779804000014,30006.0,30006.75,30006.75,OPPOSITE_TRIANGLE,-193.25,-773.0,-386.5,1.2,-387.7,-0.96625,43200,193.5,68.75,False,False,48.42613218258573,627.1000000000106,4535.700000000002,3908.5999999999913,
1685,QUANTORA_FIRST_TRIANGLE_FINAL15_@ENQ_1754006400,5,FIRST_ALTERNATING_TRIANGLE,FIXED_200PTS,ADAPTIVE_MFE_GIVEBACK,BUY,2026.05.26 13:30:00,2026.05.26 14:00:00,1779804000014,30006.0,30006.75,30006.75,29806.75,30228.75,200.0,2026.05.27 13:08:50,1779887330612,30226.75,30231.5,30228.75,MFE_GIVEBACK_STOP,222.0,888.0,444.0,1.2,442.8,1.11,83330,121.25,372.0,False,True,56.47535494673407,1069.9000000000106,4535.700000000002,3465.799999999991,
1700,QUANTORA_FIRST_TRIANGLE_FINAL15_@ENQ_1754006400,5,FIRST_ALTERNATING_TRIANGLE,FIXED_200PTS,ADAPTIVE_MFE_GIVEBACK,SELL,2026.05.27 14:00:00,2026.05.27 14:30:00,1779892200057,29916.0,29916.75,29916.0,30116.0,30116.0,200.0,2026.05.27 20:39:10,1779914350142,30111.75,30117.0,30116.0,MFE_GIVEBACK_STOP,-200.0,-800.0,-400.0,1.2,-401.2,-1.0,22150,201.0,37.75,False,False,91.33465190937322,668.7000000000105,4535.700000000002,3866.999999999991,
1715,QUANTORA_FIRST_TRIANGLE_FINAL15_@ENQ_1754006400,5,FIRST_ALTERNATING_TRIANGLE,FIXED_200PTS,ADAPTIVE_MFE_GIVEBACK,BUY,2026.05.28 19:30:00,2026.05.28 20:00:00,1779998400010,30306.25,30306.5,30306.5,30106.5,30385.5,200.0,2026.05.29 14:25:00,1780064700678,30385.5,30386.25,30385.5,MFE_GIVEBACK_STOP,79.0,316.0,158.0,1.2,156.8,0.395,66300,90.5,229.0,False,True,63.39308762046242,825.5000000000105,4535.700000000002,3710.199999999991,
1730,QUANTORA_FIRST_TRIANGLE_FINAL15_@ENQ_1754006400,5,FIRST_ALTERNATING_TRIANGLE,FIXED_200PTS,ADAPTIVE_MFE_GIVEBACK,SELL,2026.06.01 13:30:00,2026.06.01 14:00:00,1780322400029,30311.0,30314.5,30311.0,30511.0,30511.0,200.0,2026.06.01 15:30:26,1780327826949,30505.0,30511.0,30511.0,MFE_GIVEBACK_STOP,-200.0,-800.0,-400.0,1.2,-401.2,-1.0,5426,200.0,16.5,False,False,65.54306296201275,424.30000000001047,4535.700000000002,4111.399999999991,
1745,QUANTORA_FIRST_TRIANGLE_FINAL15_@ENQ_1754006400,5,FIRST_ALTERNATING_TRIANGLE,FIXED_200PTS,ADAPTIVE_MFE_GIVEBACK,BUY,2026.06.02 06:30:00,2026.06.02 07:00:00,1780383600021,30513.75,30514.5,30514.5,30314.5,30612.75,200.0,2026.06.02 23:21:36,1780442496431,30612.75,30613.75,30612.75,MFE_GIVEBACK_STOP,98.25,393.0,196.5,1.2,195.3,0.49125,58896,90.75,248.25,False,True,50.44816437627204,619.6000000000105,4535.700000000002,3916.0999999999913,
1760,QUANTORA_FIRST_TRIANGLE_FINAL15_@ENQ_1754006400,5,FIRST_ALTERNATING_TRIANGLE,FIXED_200PTS,ADAPTIVE_MFE_GIVEBACK,SELL,2026.06.03 15:30:00,2026.06.03 16:00:00,1780502400069,30605.0,30605.75,30605.0,30805.0,30521.5,200.0,2026.06.04 01:10:01,1780535401648,30520.25,30521.5,30521.5,MFE_GIVEBACK_STOP,83.5,334.0,167.0,1.2,165.8,0.4175,33001,89.75,233.5,False,True,89.3101403869475,785.4000000000106,4535.700000000002,3750.299999999991,
1775,QUANTORA_FIRST_TRIANGLE_FINAL15_@ENQ_1754006400,5,FIRST_ALTERNATING_TRIANGLE,FIXED_200PTS,ADAPTIVE_MFE_GIVEBACK,BUY,2026.06.04 20:00:00,2026.06.04 20:30:00,1780605000019,30413.0,30413.5,30413.5,30213.5,30213.5,200.0,2026.06.05 00:11:19,1780618279632,30213.5,30215.0,30213.5,MFE_GIVEBACK_STOP,-200.0,-800.0,-400.0,1.2,-401.2,-1.0,13279,200.0,81.5,False,False,80.72355496241146,384.20000000001056,4535.700000000002,4151.499999999991,
1790,QUANTORA_FIRST_TRIANGLE_FINAL15_@ENQ_1754006400,5,FIRST_ALTERNATING_TRIANGLE,FIXED_200PTS,ADAPTIVE_MFE_GIVEBACK,SELL,2026.06.05 13:30:00,2026.06.05 14:00:00,1780668000004,29774.5,29775.25,29774.5,29974.5,29031.25,200.0,2026.06.07 23:45:29,1780875929422,29030.25,29031.5,29031.25,MFE_GIVEBACK_STOP,743.25,2973.0,1486.5,1.2,1485.3,3.71625,207929,168.0,993.25,False,True,92.11236701064156,1869.5000000000105,4535.700000000002,2666.199999999991,
1805,QUANTORA_FIRST_TRIANGLE_FINAL15_@ENQ_1754006400,5,FIRST_ALTERNATING_TRIANGLE,FIXED_200PTS,ADAPTIVE_MFE_GIVEBACK,BUY,2026.06.09 02:30:00,2026.06.09 03:00:00,1780974000029,29514.0,29515.0,29515.0,29315.0,29696.5,200.0,2026.06.09 13:57:14,1781013434889,29696.25,29697.0,29696.5,MFE_GIVEBACK_STOP,181.5,726.0,363.0,1.2,361.8,0.9075,39434,14.75,331.5,False,True,94.0539400114784,2231.3000000000106,4535.700000000002,2304.399999999991,
1820,QUANTORA_FIRST_TRIANGLE_FINAL15_@ENQ_1754006400,5,FIRST_ALTERNATING_TRIANGLE,FIXED_200PTS,ADAPTIVE_MFE_GIVEBACK,SELL,2026.06.09 14:30:00,2026.06.09 15:00:00,1781017200052,29240.75,29242.0,29240.75,29440.75,28478.5,200.0,2026.06.09 16:59:27,1781024367301,28478.0,28478.5,28478.5,MFE_GIVEBACK_STOP,762.25,3049.0,1524.5,1.2,1523.3,3.81125,7167,61.75,1012.25,False,True,133.18672310465053,3754.6000000000104,4535.700000000002,781.0999999999913,
1835,QUANTORA_FIRST_TRIANGLE_FINAL15_@ENQ_1754006400,5,FIRST_ALTERNATING_TRIANGLE,FIXED_200PTS,ADAPTIVE_MFE_GIVEBACK,BUY,2026.06.11 19:30:00,2026.06.11 20:00:00,1781208000018,29462.75,29463.75,29463.75,29263.75,29263.75,200.0,2026.06.12 07:17:41,1781248661200,29262.75,29265.75,29263.75,MFE_GIVEBACK_STOP,-200.0,-800.0,-400.0,1.2,-401.2,-1.0,40661,201.0,180.25,False,False,190.0541242695431,3353.4000000000106,4535.700000000002,1182.299999999991,
1850,QUANTORA_FIRST_TRIANGLE_FINAL15_@ENQ_1754006400,5,FIRST_ALTERNATING_TRIANGLE,FIXED_200PTS,ADAPTIVE_MFE_GIVEBACK,SELL,2026.06.16 19:30:00,2026.06.16 20:00:00,1781640000023,29990.5,29991.75,29990.5,30190.5,30190.5,200.0,2026.06.17 05:22:41,1781673761151,30188.0,30190.5,30190.5,MFE_GIVEBACK_STOP,-200.0,-800.0,-400.0,1.2,-401.2,-1.0,33761,200.0,32.5,False,False,99.83474535322266,2952.2000000000107,4535.700000000002,1583.499999999991,
1865,QUANTORA_FIRST_TRIANGLE_FINAL15_@ENQ_1754006400,5,FIRST_ALTERNATING_TRIANGLE,FIXED_200PTS,ADAPTIVE_MFE_GIVEBACK,BUY,2026.06.18 00:30:00,2026.06.18 01:00:00,1781744400033,30366.25,30367.75,30367.75,30167.75,30464.25,200.0,2026.06.18 13:35:52,1781789752536,30463.25,30465.75,30464.25,MFE_GIVEBACK_STOP,96.5,386.0,193.0,1.2,191.8,0.4825,45352,85.25,246.5,False,True,147.25631151274678,3144.000000000011,4535.700000000002,1391.6999999999907,
1880,QUANTORA_FIRST_TRIANGLE_FINAL15_@ENQ_1754006400,5,FIRST_ALTERNATING_TRIANGLE,FIXED_200PTS,ADAPTIVE_MFE_GIVEBACK,SELL,2026.06.22 16:00:00,2026.06.22 16:30:00,1782145800044,30588.75,30589.5,30588.75,30788.75,29867.0,200.0,2026.06.23 13:51:57,1782222717780,29865.5,29867.0,29867.0,MFE_GIVEBACK_STOP,721.75,2887.0,1443.5,1.2,1442.3,3.60875,76917,112.5,971.75,False,True,104.76283036952871,4586.300000000011,4586.300000000011,0.0,
1895,QUANTORA_FIRST_TRIANGLE_FINAL15_@ENQ_1754006400,5,FIRST_ALTERNATING_TRIANGLE,FIXED_200PTS,ADAPTIVE_MFE_GIVEBACK,BUY,2026.06.28 22:30:00,2026.06.28 23:00:00,1782687600487,29558.25,29559.75,29559.75,29359.75,29689.75,200.0,2026.06.29 13:55:39,1782741339555,29689.5,29691.5,29689.75,MFE_GIVEBACK_STOP,130.0,520.0,260.0,1.2,258.8,0.65,53739,196.5,280.0,False,True,72.88647635155044,4845.100000000011,4845.100000000011,0.0,
1910,QUANTORA_FIRST_TRIANGLE_FINAL15_@ENQ_1754006400,5,FIRST_ALTERNATING_TRIANGLE,FIXED_200PTS,ADAPTIVE_MFE_GIVEBACK,SELL,2026.07.01 20:00:00,2026.07.01 20:30:01,1782937801137,30051.25,30052.5,30051.25,30251.25,29976.5,200.0,2026.07.02 08:34:10,1782981250780,29975.0,29976.5,29976.5,MFE_GIVEBACK_STOP,74.75,299.0,149.5,1.2,148.3,0.37375,43449,188.25,224.75,False,True,93.24018978557156,4993.4000000000115,4993.4000000000115,0.0,
1925,QUANTORA_FIRST_TRIANGLE_FINAL15_@ENQ_1754006400,5,FIRST_ALTERNATING_TRIANGLE,FIXED_200PTS,ADAPTIVE_MFE_GIVEBACK,BUY,2026.07.05 22:30:00,2026.07.05 23:00:00,1783292400142,29945.0,29946.75,29946.75,29746.75,29746.75,200.0,2026.07.06 02:19:44,1783304384382,29746.75,29748.25,29746.75,MFE_GIVEBACK_STOP,-200.0,-800.0,-400.0,1.2,-401.2,-1.0,11984,200.0,62.5,False,False,20.383505224754,4592.200000000012,4993.4000000000115,401.1999999999998,
1940,QUANTORA_FIRST_TRIANGLE_FINAL15_@ENQ_1754006400,5,FIRST_ALTERNATING_TRIANGLE,FIXED_200PTS,ADAPTIVE_MFE_GIVEBACK,SELL,2026.07.06 05:00:00,2026.07.06 05:30:00,1783315800032,29768.5,29770.0,29768.5,29968.5,29968.5,200.0,2026.07.06 13:50:32,1783345832402,29969.5,29970.75,29968.5,MFE_GIVEBACK_STOP,-200.0,-800.0,-400.0,1.2,-401.2,-1.0,30032,202.25,15.0,False,False,70.26558627867146,4191.000000000012,4993.4000000000115,802.3999999999996,
1955,QUANTORA_FIRST_TRIANGLE_FINAL15_@ENQ_1754006400,5,FIRST_ALTERNATING_TRIANGLE,FIXED_200PTS,ADAPTIVE_MFE_GIVEBACK,BUY,2026.07.06 15:00:00,2026.07.06 15:30:00,1783351800000,30061.0,30061.5,30061.5,29861.5,29861.5,200.0,2026.07.06 23:45:42,1783381542454,29861.25,29862.5,29861.5,MFE_GIVEBACK_STOP,-200.0,-800.0,-400.0,1.2,-401.2,-1.0,29742,200.25,32.0,False,False,89.3407797692683,3789.800000000012,4993.4000000000115,1203.5999999999995,
1970,QUANTORA_FIRST_TRIANGLE_FINAL15_@ENQ_1754006400,5,FIRST_ALTERNATING_TRIANGLE,FIXED_200PTS,ADAPTIVE_MFE_GIVEBACK,SELL,2026.07.07 13:30:00,2026.07.07 14:00:00,1783432800028,29469.25,29470.5,29469.25,29669.25,29360.25,200.0,2026.07.07 15:45:19,1783439119948,29359.5,29360.25,29360.25,MFE_GIVEBACK_STOP,109.0,436.0,218.0,1.2,216.8,0.545,6319,36.25,259.0,False,True,86.41321901143665,4006.600000000012,4993.4000000000115,986.7999999999993,
1985,QUANTORA_FIRST_TRIANGLE_FINAL15_@ENQ_1754006400,5,FIRST_ALTERNATING_TRIANGLE,FIXED_200PTS,ADAPTIVE_MFE_GIVEBACK,BUY,2026.07.08 22:00:00,2026.07.08 22:30:01,1783549801692,29422.5,29424.5,29424.5,29224.5,29584.75,200.0,2026.07.09 10:52:49,1783594369408,29584.75,29585.25,29584.75,MFE_GIVEBACK_STOP,160.25,641.0,320.5,1.2,319.3,0.80125,44568,29.5,310.25,False,True,103.4699242665138,4325.900000000012,4993.4000000000115,667.4999999999991,
2000,QUANTORA_FIRST_TRIANGLE_FINAL15_@ENQ_1754006400,5,FIRST_ALTERNATING_TRIANGLE,FIXED_200PTS,ADAPTIVE_MFE_GIVEBACK,SELL,2026.07.13 15:30:00,2026.07.13 16:00:00,1783958400057,29611.25,29612.0,29611.25,29811.25,29477.0,200.0,2026.07.14 00:35:54,1783989354662,29476.25,29479.0,29477.0,MFE_GIVEBACK_STOP,134.25,537.0,268.5,1.2,267.3,0.67125,30954,27.75,284.25,False,True,97.51701509540712,4593.200000000013,4993.4000000000115,400.1999999999989,
2015,QUANTORA_FIRST_TRIANGLE_FINAL15_@ENQ_1754006400,5,FIRST_ALTERNATING_TRIANGLE,FIXED_200PTS,ADAPTIVE_MFE_GIVEBACK,BUY,2026.07.15 00:00:00,2026.07.15 00:30:00,1784075400322,29918.5,29920.0,29920.0,29720.0,29720.0,200.0,2026.07.15 14:23:32,1784125412957,29719.0,29720.75,29720.0,MFE_GIVEBACK_STOP,-200.0,-800.0,-400.0,1.2,-401.2,-1.0,50012,201.0,141.75,False,False,75.94590574003757,4192.000000000013,4993.4000000000115,801.3999999999987,
2030,QUANTORA_FIRST_TRIANGLE_FINAL15_@ENQ_1754006400,5,FIRST_ALTERNATING_TRIANGLE,FIXED_200PTS,ADAPTIVE_MFE_GIVEBACK,SELL,2026.07.15 14:30:00,2026.07.15 15:00:00,1784127600026,29631.0,29632.0,29631.0,29831.0,29547.25,200.0,2026.07.15 17:06:20,1784135180591,29546.75,29547.5,29547.25,MFE_GIVEBACK_STOP,83.75,335.0,167.5,1.2,166.3,0.41875,7580,31.0,233.75,False,True,107.63391225066592,4358.300000000013,4993.4000000000115,635.0999999999985,
2045,QUANTORA_FIRST_TRIANGLE_FINAL15_@ENQ_1754006400,5,FIRST_ALTERNATING_TRIANGLE,FIXED_200PTS,ADAPTIVE_MFE_GIVEBACK,BUY,2026.07.19 23:30:00,2026.07.20 00:00:00,1784505600064,28869.0,28870.0,28870.0,28670.0,29042.0,200.0,2026.07.20 13:52:19,1784555539958,29041.75,29043.0,29042.0,MFE_GIVEBACK_STOP,172.0,688.0,344.0,1.2,342.8,0.86,49939,107.25,322.0,False,True,85.94913241407139,4701.100000000013,4993.4000000000115,292.29999999999836,
2060,QUANTORA_FIRST_TRIANGLE_FINAL15_@ENQ_1754006400,5,FIRST_ALTERNATING_TRIANGLE,FIXED_200PTS,ADAPTIVE_MFE_GIVEBACK,SELL,2026.07.20 19:30:00,2026.07.20 20:00:00,1784577600007,28783.5,28784.0,28783.5,28983.5,28983.5,200.0,2026.07.21 03:17:37,1784603857448,28981.5,28983.5,28983.5,MFE_GIVEBACK_STOP,-200.0,-800.0,-400.0,1.2,-401.2,-1.0,26257,200.0,81.25,False,False,101.1592740593624,4299.900000000013,4993.4000000000115,693.4999999999982,
2075,QUANTORA_FIRST_TRIANGLE_FINAL15_@ENQ_1754006400,5,FIRST_ALTERNATING_TRIANGLE,FIXED_200PTS,ADAPTIVE_MFE_GIVEBACK,BUY,2026.07.22 14:30:00,2026.07.22 15:00:00,1784732400005,29240.5,29241.5,29241.5,29041.5,29041.5,200.0,2026.07.22 22:41:22,1784760082058,29041.5,29043.25,29041.5,MFE_GIVEBACK_STOP,-200.0,-800.0,-400.0,1.2,-401.2,-1.0,27682,200.0,100.5,False,False,82.2585359997631,3898.7000000000135,4993.4000000000115,1094.699999999998,
2090,QUANTORA_FIRST_TRIANGLE_FINAL15_@ENQ_1754006400,5,FIRST_ALTERNATING_TRIANGLE,FIXED_200PTS,ADAPTIVE_MFE_GIVEBACK,SELL,2026.07.23 14:30:00,2026.07.23 15:00:00,1784818800009,28596.25,28597.25,28596.25,28796.25,28404.75,200.0,2026.07.24 14:57:02,1784905022050,28404.5,28405.0,28404.75,MFE_GIVEBACK_STOP,191.5,766.0,383.0,1.2,381.8,0.9575,86222,185.5,341.5,False,True,112.52285140093254,4280.500000000014,4993.4000000000115,712.8999999999978,
2105,QUANTORA_FIRST_TRIANGLE_FINAL15_@ENQ_1754006400,5,FIRST_ALTERNATING_TRIANGLE,FIXED_200PTS,ADAPTIVE_MFE_GIVEBACK,BUY,2026.07.30 18:30:00,2026.07.30 19:00:00,1785438000003,28180.75,28181.25,28181.25,27981.25,28421.5,200.0,2026.07.31 02:16:08,1785464168148,28421.5,28423.0,28421.5,MFE_GIVEBACK_STOP,240.25,961.0,480.5,1.2,479.3,1.20125,26168,1.5,390.25,False,True,107.75799179344774,4759.800000000014,4993.4000000000115,233.59999999999764,
2120,QUANTORA_FIRST_TRIANGLE_FINAL15_@ENQ_1754006400,5,FIRST_ALTERNATING_TRIANGLE,FIXED_200PTS,ADAPTIVE_MFE_GIVEBACK,SELL,2026.07.31 20:30:00,2026.08.02 22:00:00,1785708000113,28282.25,28287.25,28282.25,28482.25,28482.25,200.0,2026.08.02 22:00:00,1785708000117,28560.0,28568.0,28482.25,MFE_GIVEBACK_STOP,-200.0,-800.0,-400.0,1.2,-401.2,-1.0,0,285.75,0.0,False,False,116.23613649358046,4358.600000000014,4993.4000000000115,634.7999999999975,
2135,QUANTORA_FIRST_TRIANGLE_FINAL15_@ENQ_1754006400,5,FIRST_ALTERNATING_TRIANGLE,FIXED_200PTS,ADAPTIVE_MFE_GIVEBACK,BUY,2026.08.03 18:30:00,2026.08.03 19:00:00,1785783600021,28907.0,28907.5,28907.5,28707.5,29823.75,200.0,2026.08.05 14:52:27,1785941547653,29823.5,29824.5,29823.75,MFE_GIVEBACK_STOP,916.25,3665.0,1832.5,1.2,1831.3,4.58125,157947,76.5,1166.25,False,True,81.26623592459943,6189.900000000014,6189.900000000014,0.0,
2150,QUANTORA_FIRST_TRIANGLE_FINAL15_@ENQ_1754006400,5,FIRST_ALTERNATING_TRIANGLE,FIXED_200PTS,ADAPTIVE_MFE_GIVEBACK,SELL,2026.08.05 22:30:00,2026.08.05 23:00:00,1785970800008,29621.25,29623.0,29621.25,29821.25,29515.5,200.0,2026.08.06 11:41:46,1786016506958,29512.5,29516.75,29515.5,MFE_GIVEBACK_STOP,105.75,423.0,211.5,1.2,210.3,0.52875,45706,28.5,255.75,False,True,79.7229516160661,6400.200000000014,6400.200000000014,0.0,
2165,QUANTORA_FIRST_TRIANGLE_FINAL15_@ENQ_1754006400,5,FIRST_ALTERNATING_TRIANGLE,FIXED_200PTS,ADAPTIVE_MFE_GIVEBACK,BUY,2026.08.06 23:00:00,2026.08.06 23:30:09,1786059009934,29571.0,29572.5,29572.5,29372.5,29716.75,200.0,2026.08.07 13:16:28,1786108588139,29716.25,29717.5,29716.75,MFE_GIVEBACK_STOP,144.25,577.0,288.5,1.2,287.3,0.72125,49579,119.25,294.25,False,True,72.97655741851688,6687.500000000015,6687.500000000015,0.0,
