signal_id,run_id,signal_bar_time,entry_time,entry_mode,direction,entry_bid,entry_ask,signal_open,signal_high,signal_low,signal_close,atr,cloud_bull,supertrend_dir,supertrend_line,qqe_blue,qqe_red,regime_age_bars
1,QUANTORA_FIRST_TRIANGLE_FINAL15_@ENQ_1754006400,2025.08.12 16:00:00,2025.08.12 16:30:00,FIRST_ALTERNATING_TRIANGLE,BUY,24177.25,24177.75,24165.75,24181.5,24144.5,24177.75,59.91725979862254,True,1,23983.24822060413,True,False,8
2,QUANTORA_FIRST_TRIANGLE_FINAL15_@ENQ_1754006400,2025.08.14 01:00:00,2025.08.14 01:30:00,FIRST_ALTERNATING_TRIANGLE,SELL,24222.75,24223.75,24230.25,24234.25,24219.5,24224.25,27.844061650270383,False,-1,24310.40718495081,False,True,21
3,QUANTORA_FIRST_TRIANGLE_FINAL15_@ENQ_1754006400,2025.08.22 14:00:00,2025.08.22 14:30:00,FIRST_ALTERNATING_TRIANGLE,BUY,23854.5,23855.0,23567.0,23931.25,23567.0,23854.75,73.80872242354708,True,1,23527.69883272936,True,False,13
4,QUANTORA_FIRST_TRIANGLE_FINAL15_@ENQ_1754006400,2025.08.28 00:30:00,2025.08.28 01:00:00,FIRST_ALTERNATING_TRIANGLE,SELL,23818.75,23819.75,23791.0,23822.0,23786.25,23819.25,48.15421490962829,False,-1,23948.587644728887,False,True,6
5,QUANTORA_FIRST_TRIANGLE_FINAL15_@ENQ_1754006400,2025.08.28 17:00:00,2025.08.28 17:30:00,FIRST_ALTERNATING_TRIANGLE,BUY,24059.25,24059.75,24030.5,24060.0,24020.5,24060.0,54.96545166725808,True,1,23875.353644998228,True,False,19
6,QUANTORA_FIRST_TRIANGLE_FINAL15_@ENQ_1754006400,2025.08.29 14:30:00,2025.08.29 15:00:00,FIRST_ALTERNATING_TRIANGLE,SELL,23731.25,23732.0,23796.5,23813.75,23713.5,23732.5,54.14211705777691,False,-1,23926.05135117333,False,True,14
7,QUANTORA_FIRST_TRIANGLE_FINAL15_@ENQ_1754006400,2025.09.02 23:30:00,2025.09.03 00:00:00,FIRST_ALTERNATING_TRIANGLE,BUY,23632.0,23632.5,23636.5,23642.0,23625.5,23632.25,52.81590212196528,True,1,23475.302293634104,True,False,18
8,QUANTORA_FIRST_TRIANGLE_FINAL15_@ENQ_1754006400,2025.09.05 15:30:00,2025.09.05 16:00:00,FIRST_ALTERNATING_TRIANGLE,SELL,23916.25,23917.0,23930.25,23967.25,23902.0,23917.25,69.33466653486381,False,-1,24079.24055511621,False,True,4
9,QUANTORA_FIRST_TRIANGLE_FINAL15_@ENQ_1754006400,2025.09.09 03:00:00,2025.09.09 03:30:02,FIRST_ALTERNATING_TRIANGLE,BUY,24134.5,24135.25,24126.25,24136.75,24124.5,24134.75,24.02127876041212,True,1,24060.6615405296,True,False,57
10,QUANTORA_FIRST_TRIANGLE_FINAL15_@ENQ_1754006400,2025.09.10 09:00:00,2025.09.10 09:30:00,FIRST_ALTERNATING_TRIANGLE,SELL,24186.5,24187.25,24194.25,24199.0,24180.5,24186.75,19.2407429295114,False,-1,24247.47222878853,False,True,1
11,QUANTORA_FIRST_TRIANGLE_FINAL15_@ENQ_1754006400,2025.09.12 05:30:00,2025.09.12 06:00:00,FIRST_ALTERNATING_TRIANGLE,BUY,24332.75,24333.5,24325.75,24338.0,24322.75,24333.25,15.732998548820808,True,1,24283.176004353536,True,False,33
12,QUANTORA_FIRST_TRIANGLE_FINAL15_@ENQ_1754006400,2025.09.17 02:00:00,2025.09.17 02:30:07,FIRST_ALTERNATING_TRIANGLE,SELL,24576.5,24577.25,24590.75,24592.25,24572.25,24577.75,17.671014682971798,False,-1,24635.26304404892,False,True,24
13,QUANTORA_FIRST_TRIANGLE_FINAL15_@ENQ_1754006400,2025.09.18 00:30:00,2025.09.18 01:00:00,FIRST_ALTERNATING_TRIANGLE,BUY,24619.5,24620.25,24618.25,24625.5,24616.25,24624.0,49.06863420133608,True,1,24473.669097395992,True,False,10
14,QUANTORA_FIRST_TRIANGLE_FINAL15_@ENQ_1754006400,2025.09.19 08:30:00,2025.09.19 09:00:00,FIRST_ALTERNATING_TRIANGLE,SELL,24760.75,24761.75,24764.5,24768.75,24701.75,24705.0,69.54562075469809,False,-1,24860.257486850925,False,True,14
15,QUANTORA_FIRST_TRIANGLE_FINAL15_@ENQ_1754006400,2025.09.21 22:00:00,2025.09.21 22:30:00,FIRST_ALTERNATING_TRIANGLE,BUY,25340.0,25340.5,25357.75,25366.5,25326.25,25340.5,92.0382508168257,True,1,25070.26024754952,True,False,3
16,QUANTORA_FIRST_TRIANGLE_FINAL15_@ENQ_1754006400,2025.09.23 19:00:00,2025.09.23 19:30:00,FIRST_ALTERNATING_TRIANGLE,SELL,25301.5,25302.0,25289.75,25329.0,25289.25,25301.75,42.69713628667023,False,-1,25437.21640886001,False,True,12
17,QUANTORA_FIRST_TRIANGLE_FINAL15_@ENQ_1754006400,2025.09.28 23:30:00,2025.09.29 00:00:00,FIRST_ALTERNATING_TRIANGLE,BUY,25271.0,25271.75,25264.0,25277.25,25257.75,25272.25,85.7753794088743,True,1,25010.17386177337,True,False,4
18,QUANTORA_FIRST_TRIANGLE_FINAL15_@ENQ_1754006400,2025.09.30 07:00:00,2025.09.30 07:30:00,FIRST_ALTERNATING_TRIANGLE,SELL,25303.25,25304.0,25312.5,25317.75,25284.5,25304.0,25.484952844080837,False,-1,25377.57985853224,False,True,23
19,QUANTORA_FIRST_TRIANGLE_FINAL15_@ENQ_1754006400,2025.10.01 11:00:00,2025.10.01 11:30:00,FIRST_ALTERNATING_TRIANGLE,BUY,25279.25,25279.75,25233.0,25280.25,25230.5,25279.25,36.81014516044915,True,1,25144.944564518653,True,False,1
20,QUANTORA_FIRST_TRIANGLE_FINAL15_@ENQ_1754006400,2025.10.03 12:30:00,2025.10.03 13:00:00,FIRST_ALTERNATING_TRIANGLE,SELL,25619.25,25619.75,25637.5,25645.0,25602.5,25619.75,23.065011117582305,False,-1,25692.945033352746,False,True,1
21,QUANTORA_FIRST_TRIANGLE_FINAL15_@ENQ_1754006400,2025.10.08 19:30:00,2025.10.08 20:00:00,FIRST_ALTERNATING_TRIANGLE,BUY,25829.0,25829.5,25811.5,25843.75,25802.25,25829.25,37.47303309423664,True,1,25710.58090071729,True,False,13
22,QUANTORA_FIRST_TRIANGLE_FINAL15_@ENQ_1754006400,2025.10.10 09:30:00,2025.10.10 10:00:00,FIRST_ALTERNATING_TRIANGLE,SELL,25755.0,25755.75,25801.5,25807.5,25750.5,25755.5,29.882447838807423,False,-1,25868.647343516423,False,True,1
23,QUANTORA_FIRST_TRIANGLE_FINAL15_@ENQ_1754006400,2025.10.13 20:00:00,2025.10.13 20:30:03,FIRST_ALTERNATING_TRIANGLE,BUY,25415.25,25415.75,25420.25,25426.75,25398.5,25415.5,66.23180007554689,True,1,25215.018999748176,True,False,45
24,QUANTORA_FIRST_TRIANGLE_FINAL15_@ENQ_1754006400,2025.10.14 13:30:00,2025.10.14 14:00:00,FIRST_ALTERNATING_TRIANGLE,SELL,25073.5,25074.75,25138.25,25141.0,24920.5,25075.75,84.14436023621322,False,-1,25245.50523215868,False,True,20
25,QUANTORA_FIRST_TRIANGLE_FINAL15_@ENQ_1754006400,2025.10.14 16:30:00,2025.10.14 17:00:00,FIRST_ALTERNATING_TRIANGLE,BUY,25391.5,25392.0,25371.0,25447.0,25367.75,25391.75,95.2611671982934,True,1,25121.59149840512,True,False,3
26,QUANTORA_FIRST_TRIANGLE_FINAL15_@ENQ_1754006400,2025.10.16 00:30:00,2025.10.16 01:00:00,FIRST_ALTERNATING_TRIANGLE,SELL,25412.5,25413.25,25414.5,25417.0,25374.25,25413.25,61.57931312025594,False,-1,25537.005928239283,False,True,17
27,QUANTORA_FIRST_TRIANGLE_FINAL15_@ENQ_1754006400,2025.10.19 23:00:00,2025.10.19 23:30:00,FIRST_ALTERNATING_TRIANGLE,BUY,25493.0,25494.75,25561.0,25563.5,25486.75,25494.25,138.70796263626016,True,1,25115.47345787913,True,False,3
28,QUANTORA_FIRST_TRIANGLE_FINAL15_@ENQ_1754006400,2025.10.21 22:30:00,2025.10.21 23:00:00,FIRST_ALTERNATING_TRIANGLE,SELL,25769.5,25770.25,25775.0,25778.5,25761.75,25770.0,39.293955396137285,False,-1,25844.177440872256,False,True,28
29,QUANTORA_FIRST_TRIANGLE_FINAL15_@ENQ_1754006400,2025.10.23 20:00:00,2025.10.23 20:30:00,FIRST_ALTERNATING_TRIANGLE,BUY,25772.25,25772.75,25752.0,25780.5,25747.0,25772.5,51.1898377760028,True,1,25610.18048667199,True,False,14
30,QUANTORA_FIRST_TRIANGLE_FINAL15_@ENQ_1754006400,2025.10.30 06:30:00,2025.10.30 07:00:00,FIRST_ALTERNATING_TRIANGLE,SELL,26722.5,26724.0,26718.0,26758.5,26716.75,26723.25,80.58332256030972,False,-1,26979.374967680928,False,True,6
31,QUANTORA_FIRST_TRIANGLE_FINAL15_@ENQ_1754006400,2025.11.05 16:00:00,2025.11.05 16:30:00,FIRST_ALTERNATING_TRIANGLE,BUY,26241.75,26242.5,26219.5,26248.25,26157.75,26242.5,76.06511693672127,True,1,25981.4912768776,True,False,21
32,QUANTORA_FIRST_TRIANGLE_FINAL15_@ENQ_1754006400,2025.11.06 15:30:00,2025.11.06 16:00:00,FIRST_ALTERNATING_TRIANGLE,SELL,25802.0,25802.75,26005.25,26013.25,25790.25,25802.5,84.67246256703108,False,-1,26155.767387701093,False,True,4
33,QUANTORA_FIRST_TRIANGLE_FINAL15_@ENQ_1754006400,2025.11.10 20:00:00,2025.11.10 20:30:00,FIRST_ALTERNATING_TRIANGLE,BUY,26208.0,26208.5,26201.5,26227.75,26196.25,26209.5,54.70215948805442,True,1,26047.89352153584,True,False,3
34,QUANTORA_FIRST_TRIANGLE_FINAL15_@ENQ_1754006400,2025.11.12 14:30:00,2025.11.12 15:00:00,FIRST_ALTERNATING_TRIANGLE,SELL,26093.0,26093.5,26278.0,26280.25,26061.0,26092.75,53.59801729804392,False,-1,26331.41905189413,False,True,1
35,QUANTORA_FIRST_TRIANGLE_FINAL15_@ENQ_1754006400,2025.11.14 19:30:00,2025.11.14 20:00:00,FIRST_ALTERNATING_TRIANGLE,BUY,25727.25,25728.0,25703.0,25741.25,25683.0,25727.5,109.78355999659024,True,1,25397.80390440182,True,False,11
36,QUANTORA_FIRST_TRIANGLE_FINAL15_@ENQ_1754006400,2025.11.17 21:30:00,2025.11.17 23:00:00,FIRST_ALTERNATING_TRIANGLE,SELL,25404.5,25405.5,25398.25,25408.75,25376.75,25405.0,96.00189923632276,False,-1,25595.09989397664,False,True,20
37,QUANTORA_FIRST_TRIANGLE_FINAL15_@ENQ_1754006400,2025.11.19 21:30:00,2025.11.19 23:00:00,FIRST_ALTERNATING_TRIANGLE,BUY,25458.5,25459.5,25350.0,25475.75,25349.0,25458.25,131.91630360455025,True,1,25016.62608918635,True,False,1
38,QUANTORA_FIRST_TRIANGLE_FINAL15_@ENQ_1754006400,2025.11.20 17:30:00,2025.11.20 18:00:00,FIRST_ALTERNATING_TRIANGLE,SELL,24893.5,24894.75,24948.25,24999.75,24808.0,24894.5,156.71834422719525,False,-1,25374.030032681585,False,True,4
39,QUANTORA_FIRST_TRIANGLE_FINAL15_@ENQ_1754006400,2025.11.24 02:30:00,2025.11.24 03:00:01,FIRST_ALTERNATING_TRIANGLE,BUY,25015.0,25016.0,24984.25,25015.75,24959.5,25014.75,136.55901697033704,True,1,24577.94794908899,True,False,8
40,QUANTORA_FIRST_TRIANGLE_FINAL15_@ENQ_1754006400,2025.12.03 15:00:00,2025.12.03 15:30:00,FIRST_ALTERNATING_TRIANGLE,SELL,26026.5,26027.0,25998.5,26074.0,25981.75,26026.75,59.90922451976341,False,-1,26152.44741506588,False,True,45
41,QUANTORA_FIRST_TRIANGLE_FINAL15_@ENQ_1754006400,2025.12.08 01:00:00,2025.12.08 01:30:18,FIRST_ALTERNATING_TRIANGLE,BUY,26250.25,26251.0,26245.75,26264.5,26242.5,26248.75,89.12978915115771,True,1,25986.11063254653,True,False,5
42,QUANTORA_FIRST_TRIANGLE_FINAL15_@ENQ_1754006400,2025.12.08 18:00:00,2025.12.08 18:30:00,FIRST_ALTERNATING_TRIANGLE,SELL,26129.0,26129.5,26179.75,26195.75,26127.75,26129.25,54.6012020404979,False,-1,26270.91648903888,False,True,7
43,QUANTORA_FIRST_TRIANGLE_FINAL15_@ENQ_1754006400,2025.12.10 04:30:00,2025.12.10 05:00:03,FIRST_ALTERNATING_TRIANGLE,BUY,26192.5,26193.25,26183.0,26209.5,26182.75,26193.25,22.972152454804515,True,1,26127.208542635588,True,False,23
44,QUANTORA_FIRST_TRIANGLE_FINAL15_@ENQ_1754006400,2025.12.10 15:30:00,2025.12.10 16:00:00,FIRST_ALTERNATING_TRIANGLE,SELL,26066.5,26067.0,26135.0,26142.0,26049.75,26066.25,50.72382065030743,False,-1,26236.02255304806,False,True,12
45,QUANTORA_FIRST_TRIANGLE_FINAL15_@ENQ_1754006400,2025.12.10 20:00:00,2025.12.10 20:30:00,FIRST_ALTERNATING_TRIANGLE,BUY,26335.75,26336.5,26323.0,26370.25,26287.5,26336.0,80.24896854029042,True,1,26088.128094379128,True,False,2
46,QUANTORA_FIRST_TRIANGLE_FINAL15_@ENQ_1754006400,2025.12.12 11:00:00,2025.12.12 11:30:00,FIRST_ALTERNATING_TRIANGLE,SELL,26069.25,26070.25,26084.0,26088.0,26063.5,26069.75,35.58500708188194,False,-1,26182.505021245644,False,True,1
47,QUANTORA_FIRST_TRIANGLE_FINAL15_@ENQ_1754006400,2025.12.17 02:00:00,2025.12.17 02:30:00,FIRST_ALTERNATING_TRIANGLE,BUY,25614.5,25615.25,25614.0,25616.75,25588.75,25616.0,63.23814741403343,True,1,25422.994716907368,True,False,30
48,QUANTORA_FIRST_TRIANGLE_FINAL15_@ENQ_1754006400,2025.12.17 15:30:00,2025.12.17 16:00:00,FIRST_ALTERNATING_TRIANGLE,SELL,25327.75,25329.75,25583.5,25597.25,25307.0,25329.25,84.61211993161092,False,-1,25705.961359794837,False,True,3
49,QUANTORA_FIRST_TRIANGLE_FINAL15_@ENQ_1754006400,2025.12.21 23:00:00,2025.12.21 23:30:00,FIRST_ALTERNATING_TRIANGLE,BUY,25647.0,25648.0,25635.25,25668.0,25632.25,25647.75,61.26859694779673,True,1,25466.31920915661,True,False,1
50,QUANTORA_FIRST_TRIANGLE_FINAL15_@ENQ_1754006400,2025.12.22 17:00:00,2025.12.22 17:30:00,FIRST_ALTERNATING_TRIANGLE,SELL,25699.0,25699.25,25715.5,25718.75,25695.25,25699.0,39.03721938777193,False,-1,25787.47158184268,False,True,5
51,QUANTORA_FIRST_TRIANGLE_FINAL15_@ENQ_1754006400,2025.12.23 19:30:00,2025.12.23 20:00:00,FIRST_ALTERNATING_TRIANGLE,BUY,25797.0,25797.5,25786.25,25800.5,25782.0,25797.25,31.344089638689088,True,1,25697.21773108393,True,False,9
52,QUANTORA_FIRST_TRIANGLE_FINAL15_@ENQ_1754006400,2025.12.29 02:30:00,2025.12.29 03:00:08,FIRST_ALTERNATING_TRIANGLE,SELL,25844.0,25845.25,25839.0,25850.0,25821.0,25846.0,25.453250373847396,False,-1,25900.002047154798,False,True,3
53,QUANTORA_FIRST_TRIANGLE_FINAL15_@ENQ_1754006400,2025.12.30 16:00:00,2025.12.30 16:30:00,FIRST_ALTERNATING_TRIANGLE,BUY,25773.75,25774.0,25744.5,25793.75,25739.5,25773.75,42.79221265503087,True,1,25676.386756712705,True,False,1
54,QUANTORA_FIRST_TRIANGLE_FINAL15_@ENQ_1754006400,2025.12.31 03:30:00,2025.12.31 04:00:00,FIRST_ALTERNATING_TRIANGLE,SELL,25616.0,25616.75,25614.75,25616.75,25606.75,25615.75,27.52569235848997,False,-1,25694.32707707547,False,True,11
55,QUANTORA_FIRST_TRIANGLE_FINAL15_@ENQ_1754006400,2026.01.06 03:00:00,2026.01.06 03:30:01,FIRST_ALTERNATING_TRIANGLE,BUY,25622.5,25623.0,25623.75,25629.25,25620.5,25622.25,29.57577372162706,True,1,25536.14767883512,True,False,30
56,QUANTORA_FIRST_TRIANGLE_FINAL15_@ENQ_1754006400,2026.01.08 15:00:00,2026.01.08 15:30:00,FIRST_ALTERNATING_TRIANGLE,SELL,25696.5,25697.25,25603.75,25713.5,25569.0,25696.75,61.736881307108526,False,-1,25826.460643921324,False,True,2
57,QUANTORA_FIRST_TRIANGLE_FINAL15_@ENQ_1754006400,2026.01.09 20:30:00,2026.01.09 21:00:00,FIRST_ALTERNATING_TRIANGLE,BUY,25932.5,25933.0,25967.25,25973.25,25930.25,25932.5,54.07311351569401,True,1,25801.589621614352,True,False,15
58,QUANTORA_FIRST_TRIANGLE_FINAL15_@ENQ_1754006400,2026.01.14 05:00:00,2026.01.14 05:30:00,FIRST_ALTERNATING_TRIANGLE,SELL,25864.25,25865.0,25881.5,25883.25,25860.25,25864.5,33.21930120606322,False,-1,25971.40790361819,False,True,27
59,QUANTORA_FIRST_TRIANGLE_FINAL15_@ENQ_1754006400,2026.01.20 14:30:00,2026.01.20 15:00:00,FIRST_ALTERNATING_TRIANGLE,BUY,25321.25,25323.0,25243.25,25368.5,25233.75,25324.75,64.50868893221914,True,1,25107.598933203342,True,False,1
60,QUANTORA_FIRST_TRIANGLE_FINAL15_@ENQ_1754006400,2026.01.23 08:30:00,2026.01.23 09:00:00,FIRST_ALTERNATING_TRIANGLE,SELL,25600.75,25602.25,25628.75,25635.0,25581.0,25600.75,35.77452504324373,False,-1,25715.32357512973,False,True,35
61,QUANTORA_FIRST_TRIANGLE_FINAL15_@ENQ_1754006400,2026.01.23 19:00:00,2026.01.23 19:30:00,FIRST_ALTERNATING_TRIANGLE,BUY,25745.25,25745.75,25726.25,25774.75,25723.75,25745.25,62.50056302310092,True,1,25634.120581928564,True,False,9
62,QUANTORA_FIRST_TRIANGLE_FINAL15_@ENQ_1754006400,2026.01.28 19:30:00,2026.01.28 20:00:00,FIRST_ALTERNATING_TRIANGLE,SELL,26160.25,26161.0,26121.75,26210.25,26112.75,26160.75,56.12541124637342,False,-1,26287.321032090505,False,True,10
63,QUANTORA_FIRST_TRIANGLE_FINAL15_@ENQ_1754006400,2026.02.02 16:00:00,2026.02.02 16:30:00,FIRST_ALTERNATING_TRIANGLE,BUY,25893.0,25893.5,25840.25,25898.75,25803.0,25893.0,91.6603669576801,True,1,25587.507110141065,True,False,9
64,QUANTORA_FIRST_TRIANGLE_FINAL15_@ENQ_1754006400,2026.02.03 16:30:00,2026.02.03 17:00:00,FIRST_ALTERNATING_TRIANGLE,SELL,25491.25,25491.75,25497.5,25534.25,25467.75,25491.25,85.79879781707675,False,-1,25758.39639345123,False,True,5
65,QUANTORA_FIRST_TRIANGLE_FINAL15_@ENQ_1754006400,2026.02.06 20:00:00,2026.02.06 20:30:00,FIRST_ALTERNATING_TRIANGLE,BUY,25109.25,25109.75,25070.25,25127.0,25052.75,25109.5,81.20485829111011,True,1,24846.26042512667,True,False,22
66,QUANTORA_FIRST_TRIANGLE_FINAL15_@ENQ_1754006400,2026.02.10 23:00:00,2026.02.10 23:30:03,FIRST_ALTERNATING_TRIANGLE,SELL,25277.5,25278.5,25259.0,25287.75,25252.75,25279.0,52.451400137747456,False,-1,25396.301481991657,False,True,5
67,QUANTORA_FIRST_TRIANGLE_FINAL15_@ENQ_1754006400,2026.02.16 01:00:00,2026.02.16 01:30:00,FIRST_ALTERNATING_TRIANGLE,BUY,24834.25,24835.25,24835.0,24847.0,24822.25,24835.25,54.34372076733947,True,1,24671.593837697983,True,False,19
68,QUANTORA_FIRST_TRIANGLE_FINAL15_@ENQ_1754006400,2026.02.17 01:30:00,2026.02.17 02:00:00,FIRST_ALTERNATING_TRIANGLE,SELL,24666.75,24668.25,24782.25,24797.0,24651.0,24669.0,59.6110348955749,False,-1,24847.39814352204,False,True,14
69,QUANTORA_FIRST_TRIANGLE_FINAL15_@ENQ_1754006400,2026.02.17 21:30:00,2026.02.17 23:00:00,FIRST_ALTERNATING_TRIANGLE,BUY,24768.25,24769.5,24787.0,24788.75,24755.25,24768.25,89.18351363354401,True,1,24525.759082608394,True,False,11
70,QUANTORA_FIRST_TRIANGLE_FINAL15_@ENQ_1754006400,2026.02.20 11:00:00,2026.02.20 11:30:01,FIRST_ALTERNATING_TRIANGLE,SELL,24878.0,24878.75,24902.5,24902.5,24840.75,24879.25,38.53077125496103,False,-1,24987.21731376488,False,True,76
71,QUANTORA_FIRST_TRIANGLE_FINAL15_@ENQ_1754006400,2026.02.20 15:30:00,2026.02.20 16:00:00,FIRST_ALTERNATING_TRIANGLE,BUY,25118.25,25118.75,24974.5,25127.0,24908.0,25118.75,105.91352002539416,True,1,24709.89640793886,True,False,2
72,QUANTORA_FIRST_TRIANGLE_FINAL15_@ENQ_1754006400,2026.02.23 20:30:00,2026.02.23 21:00:00,FIRST_ALTERNATING_TRIANGLE,SELL,24766.25,24766.75,24706.5,24772.75,24704.5,24766.5,67.49847309384928,False,-1,24898.99491031283,False,True,11
73,QUANTORA_FIRST_TRIANGLE_FINAL15_@ENQ_1754006400,2026.02.24 20:00:00,2026.02.24 20:30:00,FIRST_ALTERNATING_TRIANGLE,BUY,24998.75,24999.25,25021.75,25028.75,24995.75,24998.75,62.5091341579008,True,1,24833.395967800127,True,False,11
74,QUANTORA_FIRST_TRIANGLE_FINAL15_@ENQ_1754006400,2026.02.26 15:30:00,2026.02.26 16:00:00,FIRST_ALTERNATING_TRIANGLE,SELL,24998.75,24999.5,24933.0,25026.75,24861.75,24998.75,82.78306277197711,False,-1,25192.599188315933,False,True,30
75,QUANTORA_FIRST_TRIANGLE_FINAL15_@ENQ_1754006400,2026.03.02 14:30:00,2026.03.02 15:00:00,FIRST_ALTERNATING_TRIANGLE,BUY,24858.0,24862.0,24645.0,24898.5,24605.0,24858.0,95.08666027606606,True,1,24490.96357318461,True,False,1
76,QUANTORA_FIRST_TRIANGLE_FINAL15_@ENQ_1754006400,2026.03.06 09:00:00,2026.03.06 09:30:00,FIRST_ALTERNATING_TRIANGLE,SELL,24960.75,24962.0,25074.25,25082.0,24957.75,24962.25,59.26991876606147,False,-1,25167.3389185906,False,True,53
77,QUANTORA_FIRST_TRIANGLE_FINAL15_@ENQ_1754006400,2026.03.09 19:30:00,2026.03.09 20:00:00,FIRST_ALTERNATING_TRIANGLE,BUY,24990.75,24991.0,24952.0,25058.0,24894.75,24991.0,120.72230223273,True,1,24614.20809330181,True,False,22
78,QUANTORA_FIRST_TRIANGLE_FINAL15_@ENQ_1754006400,2026.03.11 22:30:00,2026.03.11 23:00:00,FIRST_ALTERNATING_TRIANGLE,SELL,24848.5,24850.0,24862.75,24870.5,24816.5,24849.5,73.40972716908144,False,-1,25063.72918150725,False,True,1
79,QUANTORA_FIRST_TRIANGLE_FINAL15_@ENQ_1754006400,2026.03.17 12:00:00,2026.03.17 12:30:00,FIRST_ALTERNATING_TRIANGLE,BUY,24693.25,24695.0,24600.5,24699.5,24598.25,24692.0,51.363381022874975,True,1,24494.784856931376,True,False,1
80,QUANTORA_FIRST_TRIANGLE_FINAL15_@ENQ_1754006400,2026.03.18 18:00:00,2026.03.18 18:30:00,FIRST_ALTERNATING_TRIANGLE,SELL,24636.0,24637.0,24665.25,24696.75,24608.5,24636.75,66.47657461203335,False,-1,24794.107683748272,False,True,13
81,QUANTORA_FIRST_TRIANGLE_FINAL15_@ENQ_1754006400,2026.03.20 00:30:00,2026.03.20 01:00:00,FIRST_ALTERNATING_TRIANGLE,BUY,24598.5,24599.0,24595.0,24611.25,24582.25,24598.25,78.08720402041826,True,1,24362.488387938745,True,False,2
82,QUANTORA_FIRST_TRIANGLE_FINAL15_@ENQ_1754006400,2026.03.20 12:00:00,2026.03.20 12:30:00,FIRST_ALTERNATING_TRIANGLE,SELL,24492.75,24493.75,24444.25,24499.0,24424.75,24493.25,67.02633797868313,False,-1,24580.960221667505,False,True,6
83,QUANTORA_FIRST_TRIANGLE_FINAL15_@ENQ_1754006400,2026.03.23 15:30:00,2026.03.23 16:00:00,FIRST_ALTERNATING_TRIANGLE,BUY,24380.75,24381.75,24612.25,24631.5,24370.25,24381.5,168.59681315583595,True,1,24168.71895614721,True,False,10
84,QUANTORA_FIRST_TRIANGLE_FINAL15_@ENQ_1754006400,2026.03.24 17:30:00,2026.03.24 18:00:00,FIRST_ALTERNATING_TRIANGLE,SELL,24242.0,24243.0,24199.0,24253.25,24160.25,24242.5,102.28878516063436,False,-1,24495.64209625482,False,True,9
85,QUANTORA_FIRST_TRIANGLE_FINAL15_@ENQ_1754006400,2026.03.31 17:00:00,2026.03.31 17:30:00,FIRST_ALTERNATING_TRIANGLE,BUY,23804.5,23805.25,23775.75,23876.0,23761.0,23804.75,124.24472523763154,True,1,23445.765824287104,True,False,33
86,QUANTORA_FIRST_TRIANGLE_FINAL15_@ENQ_1754006400,2026.04.02 06:30:00,2026.04.02 07:00:00,FIRST_ALTERNATING_TRIANGLE,SELL,23815.5,23816.25,23789.0,23819.0,23783.25,23815.5,59.72449870682609,False,-1,23961.28999568942,False,True,12
87,QUANTORA_FIRST_TRIANGLE_FINAL15_@ENQ_1754006400,2026.04.02 14:00:00,2026.04.02 14:30:00,FIRST_ALTERNATING_TRIANGLE,BUY,23941.0,23942.0,23897.75,24004.25,23859.0,23942.0,82.34608339471976,True,1,23684.58674981584,True,False,2
88,QUANTORA_FIRST_TRIANGLE_FINAL15_@ENQ_1754006400,2026.04.07 14:00:00,2026.04.07 14:30:00,FIRST_ALTERNATING_TRIANGLE,SELL,24107.5,24108.25,24121.25,24132.0,23994.0,24107.5,88.46355657156049,False,-1,24328.39066971468,False,True,8
89,QUANTORA_FIRST_TRIANGLE_FINAL15_@ENQ_1754006400,2026.04.08 00:30:00,2026.04.08 01:00:01,FIRST_ALTERNATING_TRIANGLE,BUY,25080.0,25081.5,25042.25,25101.5,25007.75,25080.25,143.27079351421833,True,1,24624.812619457345,True,False,9
90,QUANTORA_FIRST_TRIANGLE_FINAL15_@ENQ_1754006400,2026.04.09 04:00:00,2026.04.09 04:30:05,FIRST_ALTERNATING_TRIANGLE,SELL,25013.5,25014.5,25019.5,25022.5,25007.75,25013.5,38.50577690342495,False,-1,25130.642330710278,False,True,27
91,QUANTORA_FIRST_TRIANGLE_FINAL15_@ENQ_1754006400,2026.04.09 20:00:00,2026.04.09 20:30:00,FIRST_ALTERNATING_TRIANGLE,BUY,25239.75,25240.5,25249.0,25254.25,25220.25,25239.75,61.01226782580517,True,1,25054.213196522585,True,False,10
92,QUANTORA_FIRST_TRIANGLE_FINAL15_@ENQ_1754006400,2026.04.13 00:30:00,2026.04.13 01:00:00,FIRST_ALTERNATING_TRIANGLE,SELL,25055.5,25056.0,24996.0,25056.0,24988.5,25055.0,72.88296636455348,False,-1,25171.573421253303,False,True,6
93,QUANTORA_FIRST_TRIANGLE_FINAL15_@ENQ_1754006400,2026.04.13 14:00:00,2026.04.13 14:30:00,FIRST_ALTERNATING_TRIANGLE,BUY,25296.0,25296.5,25308.0,25333.0,25245.5,25296.25,58.67652920998921,True,1,25113.220412370032,True,False,3
94,QUANTORA_FIRST_TRIANGLE_FINAL15_@ENQ_1754006400,2026.04.21 14:30:00,2026.04.21 15:00:00,FIRST_ALTERNATING_TRIANGLE,SELL,26737.0,26737.75,26842.0,26859.5,26730.0,26736.75,54.241081649464014,False,-1,26900.739036121875,False,True,1
95,QUANTORA_FIRST_TRIANGLE_FINAL15_@ENQ_1754006400,2026.04.22 19:00:00,2026.04.22 19:30:00,FIRST_ALTERNATING_TRIANGLE,BUY,27045.0,27045.25,27014.0,27057.25,26978.0,27045.25,54.71321051161188,True,1,26874.26610900571,True,False,15
96,QUANTORA_FIRST_TRIANGLE_FINAL15_@ENQ_1754006400,2026.04.23 19:30:00,2026.04.23 20:00:00,FIRST_ALTERNATING_TRIANGLE,SELL,26925.75,26926.5,26915.25,26944.5,26840.25,26926.25,102.4506766544106,False,-1,27121.45782649479,False,True,6
97,QUANTORA_FIRST_TRIANGLE_FINAL15_@ENQ_1754006400,2026.04.26 12:30:00,2026.04.26 22:00:00,FIRST_ALTERNATING_TRIANGLE,BUY,27511.25,27295.0,27440.25,27440.25,27440.25,27440.25,24.704698984424414,True,1,27366.13590304673,True,False,50
98,QUANTORA_FIRST_TRIANGLE_FINAL15_@ENQ_1754006400,2026.04.28 02:30:00,2026.04.28 03:00:01,FIRST_ALTERNATING_TRIANGLE,SELL,27394.0,27394.75,27430.0,27430.0,27386.0,27395.25,39.4724364174109,False,-1,27505.83944412414,False,True,39
99,QUANTORA_FIRST_TRIANGLE_FINAL15_@ENQ_1754006400,2026.04.29 19:30:00,2026.04.29 20:00:00,FIRST_ALTERNATING_TRIANGLE,BUY,27336.0,27336.75,27311.0,27338.75,27262.25,27336.0,73.67366104481997,True,1,27198.72984325489,True,False,40
100,QUANTORA_FIRST_TRIANGLE_FINAL15_@ENQ_1754006400,2026.04.30 14:00:00,2026.04.30 14:30:00,FIRST_ALTERNATING_TRIANGLE,SELL,27228.25,27229.0,27247.25,27303.0,27163.25,27228.25,100.47710668861392,False,-1,27534.556320065843,False,True,2
101,QUANTORA_FIRST_TRIANGLE_FINAL15_@ENQ_1754006400,2026.05.01 14:00:00,2026.05.01 14:30:00,FIRST_ALTERNATING_TRIANGLE,BUY,27871.0,27871.5,27873.5,27909.25,27852.0,27871.5,59.98029761131983,True,1,27700.68410716604,True,False,41
102,QUANTORA_FIRST_TRIANGLE_FINAL15_@ENQ_1754006400,2026.05.04 18:30:00,2026.05.04 19:00:00,FIRST_ALTERNATING_TRIANGLE,SELL,27759.0,27759.5,27770.75,27777.0,27718.0,27759.75,79.83723650109889,False,-1,27940.854126663104,False,True,18
103,QUANTORA_FIRST_TRIANGLE_FINAL15_@ENQ_1754006400,2026.05.05 16:00:00,2026.05.05 16:30:00,FIRST_ALTERNATING_TRIANGLE,BUY,28115.75,28116.25,28126.75,28152.5,28090.25,28115.75,53.61429951742798,True,1,27972.16066827524,True,False,17
104,QUANTORA_FIRST_TRIANGLE_FINAL15_@ENQ_1754006400,2026.05.07 23:30:00,2026.05.08 00:00:00,FIRST_ALTERNATING_TRIANGLE,SELL,28678.5,28679.5,28646.0,28679.75,28636.25,28679.0,83.1496774398382,False,-1,28891.040591466128,False,True,13
105,QUANTORA_FIRST_TRIANGLE_FINAL15_@ENQ_1754006400,2026.05.08 14:30:00,2026.05.08 15:00:00,FIRST_ALTERNATING_TRIANGLE,BUY,29161.75,29162.5,29111.0,29175.25,29073.5,29162.0,71.53923472297066,True,1,28916.20255092343,True,False,8
106,QUANTORA_FIRST_TRIANGLE_FINAL15_@ENQ_1754006400,2026.05.12 15:00:00,2026.05.12 15:30:00,FIRST_ALTERNATING_TRIANGLE,SELL,28876.75,28877.25,29013.75,29031.0,28856.5,28876.5,90.77866592759864,False,-1,29216.0859977828,False,True,19
107,QUANTORA_FIRST_TRIANGLE_FINAL15_@ENQ_1754006400,2026.05.13 22:00:00,2026.05.13 22:30:00,FIRST_ALTERNATING_TRIANGLE,BUY,29557.25,29558.0,29538.25,29576.5,29528.0,29558.25,68.34253253478529,True,1,29347.222402395644,True,False,12
108,QUANTORA_FIRST_TRIANGLE_FINAL15_@ENQ_1754006400,2026.05.18 00:00:00,2026.05.18 00:30:00,FIRST_ALTERNATING_TRIANGLE,SELL,29010.0,29011.75,29116.75,29145.0,28937.5,29011.75,97.76717042015665,False,-1,29334.55151126047,False,True,1
109,QUANTORA_FIRST_TRIANGLE_FINAL15_@ENQ_1754006400,2026.05.18 13:30:00,2026.05.18 14:00:00,FIRST_ALTERNATING_TRIANGLE,BUY,29241.0,29243.0,29338.25,29356.25,29135.0,29243.75,112.35394248118592,True,1,29075.61185839605,True,False,3
110,QUANTORA_FIRST_TRIANGLE_FINAL15_@ENQ_1754006400,2026.05.18 15:00:00,2026.05.18 15:30:00,FIRST_ALTERNATING_TRIANGLE,SELL,28959.5,28960.5,29082.25,29126.25,28956.25,28960.25,131.12602406878452,False,-1,29434.628072206357,False,True,1
111,QUANTORA_FIRST_TRIANGLE_FINAL15_@ENQ_1754006400,2026.05.20 14:00:00,2026.05.20 14:30:00,FIRST_ALTERNATING_TRIANGLE,BUY,29208.75,29209.75,29100.5,29233.75,29008.5,29208.75,88.66367124829056,True,1,28950.38672050393,True,False,13
112,QUANTORA_FIRST_TRIANGLE_FINAL15_@ENQ_1754006400,2026.05.26 01:30:00,2026.05.26 02:00:00,FIRST_ALTERNATING_TRIANGLE,SELL,29813.5,29814.5,29802.5,29817.25,29770.25,29811.75,48.42613218258573,False,-1,29939.02839654776,False,True,6
113,QUANTORA_FIRST_TRIANGLE_FINAL15_@ENQ_1754006400,2026.05.26 13:30:00,2026.05.26 14:00:00,FIRST_ALTERNATING_TRIANGLE,BUY,30006.0,30006.75,29903.75,30007.0,29826.75,30007.0,56.47535494673407,True,1,29781.841277975054,True,False,8
114,QUANTORA_FIRST_TRIANGLE_FINAL15_@ENQ_1754006400,2026.05.27 14:00:00,2026.05.27 14:30:00,FIRST_ALTERNATING_TRIANGLE,SELL,29916.0,29916.75,30060.75,30099.25,29888.25,29916.0,91.33465190937322,False,-1,30267.75395572812,False,True,2
115,QUANTORA_FIRST_TRIANGLE_FINAL15_@ENQ_1754006400,2026.05.28 19:30:00,2026.05.28 20:00:00,FIRST_ALTERNATING_TRIANGLE,BUY,30306.25,30306.5,30305.5,30331.5,30283.25,30306.75,63.39308762046242,True,1,30117.19573713861,True,False,15
116,QUANTORA_FIRST_TRIANGLE_FINAL15_@ENQ_1754006400,2026.06.01 13:30:00,2026.06.01 14:00:00,FIRST_ALTERNATING_TRIANGLE,SELL,30311.0,30314.5,30343.0,30467.25,30306.0,30321.5,65.54306296201275,False,-1,30538.476876540044,False,True,12
117,QUANTORA_FIRST_TRIANGLE_FINAL15_@ENQ_1754006400,2026.06.02 06:30:00,2026.06.02 07:00:00,FIRST_ALTERNATING_TRIANGLE,BUY,30513.75,30514.5,30486.75,30515.75,30469.0,30514.5,50.44816437627204,True,1,30341.030506871182,True,False,1
118,QUANTORA_FIRST_TRIANGLE_FINAL15_@ENQ_1754006400,2026.06.03 15:30:00,2026.06.03 16:00:00,FIRST_ALTERNATING_TRIANGLE,SELL,30605.0,30605.75,30668.0,30692.25,30568.0,30604.25,89.3101403869475,False,-1,30805.324298239768,False,True,5
119,QUANTORA_FIRST_TRIANGLE_FINAL15_@ENQ_1754006400,2026.06.04 20:00:00,2026.06.04 20:30:00,FIRST_ALTERNATING_TRIANGLE,BUY,30413.0,30413.5,30484.0,30495.0,30402.0,30413.75,80.72355496241146,True,1,30344.05275735633,True,False,9
120,QUANTORA_FIRST_TRIANGLE_FINAL15_@ENQ_1754006400,2026.06.05 13:30:00,2026.06.05 14:00:00,FIRST_ALTERNATING_TRIANGLE,SELL,29774.5,29775.25,30035.75,30100.5,29771.0,29774.25,92.11236701064156,False,-1,30212.087101031924,False,True,32
121,QUANTORA_FIRST_TRIANGLE_FINAL15_@ENQ_1754006400,2026.06.09 02:30:00,2026.06.09 03:00:00,FIRST_ALTERNATING_TRIANGLE,BUY,29514.0,29515.0,29491.75,29523.75,29473.5,29514.0,94.0539400114784,True,1,29298.38648505658,True,False,30
122,QUANTORA_FIRST_TRIANGLE_FINAL15_@ENQ_1754006400,2026.06.09 14:30:00,2026.06.09 15:00:00,FIRST_ALTERNATING_TRIANGLE,SELL,29240.75,29242.0,29444.0,29487.5,29083.75,29239.75,133.18672310465053,False,-1,29685.18516931395,False,True,2
123,QUANTORA_FIRST_TRIANGLE_FINAL15_@ENQ_1754006400,2026.06.11 19:30:00,2026.06.11 20:00:00,FIRST_ALTERNATING_TRIANGLE,BUY,29462.75,29463.75,29424.25,29544.25,29404.0,29463.25,190.0541242695431,True,1,28903.96262719137,True,False,6
124,QUANTORA_FIRST_TRIANGLE_FINAL15_@ENQ_1754006400,2026.06.16 19:30:00,2026.06.16 20:00:00,FIRST_ALTERNATING_TRIANGLE,SELL,29990.5,29991.75,30128.75,30144.5,29982.75,29991.25,99.83474535322266,False,-1,30363.129236059667,False,True,13
125,QUANTORA_FIRST_TRIANGLE_FINAL15_@ENQ_1754006400,2026.06.18 00:30:00,2026.06.18 01:00:00,FIRST_ALTERNATING_TRIANGLE,BUY,30366.25,30367.75,30381.75,30415.75,30352.75,30368.25,147.25631151274678,True,1,29942.48106546176,True,False,2
126,QUANTORA_FIRST_TRIANGLE_FINAL15_@ENQ_1754006400,2026.06.22 16:00:00,2026.06.22 16:30:00,FIRST_ALTERNATING_TRIANGLE,SELL,30588.75,30589.5,30556.75,30615.25,30503.0,30589.5,104.76283036952871,False,-1,30873.413491108586,False,True,4
127,QUANTORA_FIRST_TRIANGLE_FINAL15_@ENQ_1754006400,2026.06.28 22:30:00,2026.06.28 23:00:00,FIRST_ALTERNATING_TRIANGLE,BUY,29558.25,29559.75,29560.75,29598.75,29556.0,29560.5,72.88647635155044,True,1,29358.715570945347,True,False,23
128,QUANTORA_FIRST_TRIANGLE_FINAL15_@ENQ_1754006400,2026.07.01 20:00:00,2026.07.01 20:30:01,FIRST_ALTERNATING_TRIANGLE,SELL,30051.25,30052.5,30081.75,30086.25,30008.5,30052.5,93.24018978557156,False,-1,30327.09556935672,False,True,27
129,QUANTORA_FIRST_TRIANGLE_FINAL15_@ENQ_1754006400,2026.07.05 22:30:00,2026.07.05 23:00:00,FIRST_ALTERNATING_TRIANGLE,BUY,29945.0,29946.75,29936.75,29979.0,29934.0,29946.0,20.383505224754,True,1,29895.34948432574,True,False,41
130,QUANTORA_FIRST_TRIANGLE_FINAL15_@ENQ_1754006400,2026.07.06 05:00:00,2026.07.06 05:30:00,FIRST_ALTERNATING_TRIANGLE,SELL,29768.5,29770.0,29829.5,29830.5,29767.75,29769.5,70.26558627867146,False,-1,29909.722000094866,False,True,11
131,QUANTORA_FIRST_TRIANGLE_FINAL15_@ENQ_1754006400,2026.07.06 15:00:00,2026.07.06 15:30:00,FIRST_ALTERNATING_TRIANGLE,BUY,30061.0,30061.5,30025.75,30062.75,29941.25,30061.0,89.3407797692683,True,1,29769.822400769102,True,False,6
132,QUANTORA_FIRST_TRIANGLE_FINAL15_@ENQ_1754006400,2026.07.07 13:30:00,2026.07.07 14:00:00,FIRST_ALTERNATING_TRIANGLE,SELL,29469.25,29470.5,29593.0,29685.75,29420.25,29469.0,86.41321901143665,False,-1,29803.61497033121,False,True,26
133,QUANTORA_FIRST_TRIANGLE_FINAL15_@ENQ_1754006400,2026.07.08 22:00:00,2026.07.08 22:30:01,FIRST_ALTERNATING_TRIANGLE,BUY,29422.5,29424.5,29412.0,29449.25,29402.75,29424.25,103.4699242665138,True,1,29115.590227200457,True,False,16
134,QUANTORA_FIRST_TRIANGLE_FINAL15_@ENQ_1754006400,2026.07.13 15:30:00,2026.07.13 16:00:00,FIRST_ALTERNATING_TRIANGLE,SELL,29611.25,29612.0,29709.0,29724.5,29596.75,29612.25,97.51701509540712,False,-1,29834.047625254007,False,True,36
135,QUANTORA_FIRST_TRIANGLE_FINAL15_@ENQ_1754006400,2026.07.15 00:00:00,2026.07.15 00:30:00,FIRST_ALTERNATING_TRIANGLE,BUY,29918.5,29920.0,29889.0,29938.0,29837.5,29918.0,75.94590574003757,True,1,29659.91228277989,True,False,31
136,QUANTORA_FIRST_TRIANGLE_FINAL15_@ENQ_1754006400,2026.07.15 14:30:00,2026.07.15 15:00:00,FIRST_ALTERNATING_TRIANGLE,SELL,29631.0,29632.0,29723.25,29736.75,29536.75,29630.75,107.63391225066592,False,-1,29959.651736752,False,True,3
137,QUANTORA_FIRST_TRIANGLE_FINAL15_@ENQ_1754006400,2026.07.19 23:30:00,2026.07.20 00:00:00,FIRST_ALTERNATING_TRIANGLE,BUY,28869.0,28870.0,28805.5,28880.25,28793.75,28868.25,85.94913241407139,True,1,28641.8553945107,True,False,17
138,QUANTORA_FIRST_TRIANGLE_FINAL15_@ENQ_1754006400,2026.07.20 19:30:00,2026.07.20 20:00:00,FIRST_ALTERNATING_TRIANGLE,SELL,28783.5,28784.0,28855.5,28894.25,28767.75,28784.0,101.1592740593624,False,-1,29134.477822178087,False,True,1
139,QUANTORA_FIRST_TRIANGLE_FINAL15_@ENQ_1754006400,2026.07.22 14:30:00,2026.07.22 15:00:00,FIRST_ALTERNATING_TRIANGLE,BUY,29240.5,29241.5,29219.5,29260.25,29172.75,29241.0,82.2585359997631,True,1,28994.846546667457,True,False,3
140,QUANTORA_FIRST_TRIANGLE_FINAL15_@ENQ_1754006400,2026.07.23 14:30:00,2026.07.23 15:00:00,FIRST_ALTERNATING_TRIANGLE,SELL,28596.25,28597.25,28731.0,28773.25,28577.25,28596.75,112.52285140093254,False,-1,29012.259676547048,False,True,34
141,QUANTORA_FIRST_TRIANGLE_FINAL15_@ENQ_1754006400,2026.07.30 18:30:00,2026.07.30 19:00:00,FIRST_ALTERNATING_TRIANGLE,BUY,28180.75,28181.25,28183.0,28199.0,28148.5,28180.5,107.75799179344774,True,1,27850.476024619657,True,False,15
142,QUANTORA_FIRST_TRIANGLE_FINAL15_@ENQ_1754006400,2026.07.31 20:30:00,2026.08.02 22:00:00,FIRST_ALTERNATING_TRIANGLE,SELL,28282.25,28287.25,28369.75,28395.5,28258.25,28287.0,116.23613649358046,False,-1,28630.965680233512,False,True,15
143,QUANTORA_FIRST_TRIANGLE_FINAL15_@ENQ_1754006400,2026.08.03 18:30:00,2026.08.03 19:00:00,FIRST_ALTERNATING_TRIANGLE,BUY,28907.0,28907.5,28892.0,28926.0,28882.75,28907.0,81.26623592459943,True,1,28670.77921358467,True,False,10
144,QUANTORA_FIRST_TRIANGLE_FINAL15_@ENQ_1754006400,2026.08.05 22:30:00,2026.08.05 23:00:00,FIRST_ALTERNATING_TRIANGLE,SELL,29621.25,29623.0,29628.0,29679.5,29615.75,29623.25,79.7229516160661,False,-1,29833.82574672617,False,True,13
145,QUANTORA_FIRST_TRIANGLE_FINAL15_@ENQ_1754006400,2026.08.06 23:00:00,2026.08.06 23:30:09,FIRST_ALTERNATING_TRIANGLE,BUY,29571.0,29572.5,29564.75,29597.0,29554.25,29573.0,72.97655741851688,True,1,29356.695327744448,True,False,17
