run_id,variant_id,symbol,tf,sl,activation,distance,cost_scenario,trades,wins,losses,win_rate,net_points,profit_factor,expectancy,max_closed_trade_drawdown,open_at_end
FIRST_TRIANGLE_GOLD_EVIDENCE_XAUUSD_1751328000,0,XAUUSD,M15,52.5,57.5,22.5,BASE,205,97,107,47.31707317073171,1638.7799999999952,1.5773259070588348,7.994048780487781,251.21000000000004,true
FIRST_TRIANGLE_GOLD_EVIDENCE_XAUUSD_1751328000,1,XAUUSD,M15,52.5,57.5,22.5,SPREAD_PLUS_25,205,97,107,47.31707317073171,1638.7799999999952,1.5773259070588348,7.994048780487781,251.21000000000004,true
FIRST_TRIANGLE_GOLD_EVIDENCE_XAUUSD_1751328000,2,XAUUSD,M15,52.5,57.5,22.5,SPREAD_PLUS_50,205,97,107,47.31707317073171,1638.7799999999952,1.5773259070588348,7.994048780487781,251.21000000000004,true
FIRST_TRIANGLE_GOLD_EVIDENCE_XAUUSD_1751328000,3,XAUUSD,M15,52.5,57.5,22.5,SLIPPAGE_BASE,205,97,107,47.31707317073171,1638.7799999999952,1.5773259070588348,7.994048780487781,251.21000000000004,true
FIRST_TRIANGLE_GOLD_EVIDENCE_XAUUSD_1751328000,4,XAUUSD,M15,52.5,57.5,22.5,COMMISSION_PLUS_25,205,97,107,47.31707317073171,1638.7799999999952,1.5773259070588348,7.994048780487781,251.21000000000004,true
FIRST_TRIANGLE_GOLD_EVIDENCE_XAUUSD_1751328000,5,XAUUSD,M15,52.5,57.5,22.5,COMBINED_STRESS,205,97,107,47.31707317073171,1638.7799999999952,1.5773259070588348,7.994048780487781,251.21000000000004,true
FIRST_TRIANGLE_GOLD_EVIDENCE_XAUUSD_1751328000,6,XAUUSD,M15,52.5,57.5,25.0,BASE,205,99,105,48.292682926829265,1786.5299999999957,1.6430576852471752,8.714780487804857,256.21000000000004,true
FIRST_TRIANGLE_GOLD_EVIDENCE_XAUUSD_1751328000,7,XAUUSD,M15,52.5,57.5,25.0,SPREAD_PLUS_25,205,99,105,48.292682926829265,1786.5299999999957,1.6430576852471752,8.714780487804857,256.21000000000004,true
FIRST_TRIANGLE_GOLD_EVIDENCE_XAUUSD_1751328000,8,XAUUSD,M15,52.5,57.5,25.0,SPREAD_PLUS_50,205,99,105,48.292682926829265,1786.5299999999957,1.6430576852471752,8.714780487804857,256.21000000000004,true
FIRST_TRIANGLE_GOLD_EVIDENCE_XAUUSD_1751328000,9,XAUUSD,M15,52.5,57.5,25.0,SLIPPAGE_BASE,205,99,105,48.292682926829265,1786.5299999999957,1.6430576852471752,8.714780487804857,256.21000000000004,true
FIRST_TRIANGLE_GOLD_EVIDENCE_XAUUSD_1751328000,10,XAUUSD,M15,52.5,57.5,25.0,COMMISSION_PLUS_25,205,99,105,48.292682926829265,1786.5299999999957,1.6430576852471752,8.714780487804857,256.21000000000004,true
FIRST_TRIANGLE_GOLD_EVIDENCE_XAUUSD_1751328000,11,XAUUSD,M15,52.5,57.5,25.0,COMBINED_STRESS,205,99,105,48.292682926829265,1786.5299999999957,1.6430576852471752,8.714780487804857,256.21000000000004,true
FIRST_TRIANGLE_GOLD_EVIDENCE_XAUUSD_1751328000,12,XAUUSD,M15,52.5,57.5,27.5,BASE,205,99,105,48.292682926829265,1691.6799999999957,1.6089166288721382,8.252097560975589,261.21000000000004,true
FIRST_TRIANGLE_GOLD_EVIDENCE_XAUUSD_1751328000,13,XAUUSD,M15,52.5,57.5,27.5,SPREAD_PLUS_25,205,99,105,48.292682926829265,1691.6799999999957,1.6089166288721382,8.252097560975589,261.21000000000004,true
FIRST_TRIANGLE_GOLD_EVIDENCE_XAUUSD_1751328000,14,XAUUSD,M15,52.5,57.5,27.5,SPREAD_PLUS_50,205,99,105,48.292682926829265,1691.6799999999957,1.6089166288721382,8.252097560975589,261.21000000000004,true
FIRST_TRIANGLE_GOLD_EVIDENCE_XAUUSD_1751328000,15,XAUUSD,M15,52.5,57.5,27.5,SLIPPAGE_BASE,205,99,105,48.292682926829265,1691.6799999999957,1.6089166288721382,8.252097560975589,261.21000000000004,true
FIRST_TRIANGLE_GOLD_EVIDENCE_XAUUSD_1751328000,16,XAUUSD,M15,52.5,57.5,27.5,COMMISSION_PLUS_25,205,99,105,48.292682926829265,1691.6799999999957,1.6089166288721382,8.252097560975589,261.21000000000004,true
FIRST_TRIANGLE_GOLD_EVIDENCE_XAUUSD_1751328000,17,XAUUSD,M15,52.5,57.5,27.5,COMBINED_STRESS,205,99,105,48.292682926829265,1691.6799999999957,1.6089166288721382,8.252097560975589,261.21000000000004,true
FIRST_TRIANGLE_GOLD_EVIDENCE_XAUUSD_1751328000,18,XAUUSD,M15,52.5,57.5,30.0,BASE,205,99,105,48.292682926829265,1692.9099999999962,1.6093593647639814,8.25809756097559,266.21000000000004,true
FIRST_TRIANGLE_GOLD_EVIDENCE_XAUUSD_1751328000,19,XAUUSD,M15,52.5,57.5,30.0,SPREAD_PLUS_25,205,99,105,48.292682926829265,1692.9099999999962,1.6093593647639814,8.25809756097559,266.21000000000004,true
FIRST_TRIANGLE_GOLD_EVIDENCE_XAUUSD_1751328000,20,XAUUSD,M15,52.5,57.5,30.0,SPREAD_PLUS_50,205,99,105,48.292682926829265,1692.9099999999962,1.6093593647639814,8.25809756097559,266.21000000000004,true
FIRST_TRIANGLE_GOLD_EVIDENCE_XAUUSD_1751328000,21,XAUUSD,M15,52.5,57.5,30.0,SLIPPAGE_BASE,205,99,105,48.292682926829265,1692.9099999999962,1.6093593647639814,8.25809756097559,266.21000000000004,true
FIRST_TRIANGLE_GOLD_EVIDENCE_XAUUSD_1751328000,22,XAUUSD,M15,52.5,57.5,30.0,COMMISSION_PLUS_25,205,99,105,48.292682926829265,1692.9099999999962,1.6093593647639814,8.25809756097559,266.21000000000004,true
FIRST_TRIANGLE_GOLD_EVIDENCE_XAUUSD_1751328000,23,XAUUSD,M15,52.5,57.5,30.0,COMBINED_STRESS,205,99,105,48.292682926829265,1692.9099999999962,1.6093593647639814,8.25809756097559,266.21000000000004,true
FIRST_TRIANGLE_GOLD_EVIDENCE_XAUUSD_1751328000,24,XAUUSD,M15,52.5,57.5,32.5,BASE,205,99,105,48.292682926829265,1626.3299999999963,1.5853940349437394,7.933317073170714,271.21000000000004,true
FIRST_TRIANGLE_GOLD_EVIDENCE_XAUUSD_1751328000,25,XAUUSD,M15,52.5,57.5,32.5,SPREAD_PLUS_25,205,99,105,48.292682926829265,1626.3299999999963,1.5853940349437394,7.933317073170714,271.21000000000004,true
FIRST_TRIANGLE_GOLD_EVIDENCE_XAUUSD_1751328000,26,XAUUSD,M15,52.5,57.5,32.5,SPREAD_PLUS_50,205,99,105,48.292682926829265,1626.3299999999963,1.5853940349437394,7.933317073170714,271.21000000000004,true
FIRST_TRIANGLE_GOLD_EVIDENCE_XAUUSD_1751328000,27,XAUUSD,M15,52.5,57.5,32.5,SLIPPAGE_BASE,205,99,105,48.292682926829265,1626.3299999999963,1.5853940349437394,7.933317073170714,271.21000000000004,true
FIRST_TRIANGLE_GOLD_EVIDENCE_XAUUSD_1751328000,28,XAUUSD,M15,52.5,57.5,32.5,COMMISSION_PLUS_25,205,99,105,48.292682926829265,1626.3299999999963,1.5853940349437394,7.933317073170714,271.21000000000004,true
FIRST_TRIANGLE_GOLD_EVIDENCE_XAUUSD_1751328000,29,XAUUSD,M15,52.5,57.5,32.5,COMBINED_STRESS,205,99,105,48.292682926829265,1626.3299999999963,1.5853940349437394,7.933317073170714,271.21000000000004,true
FIRST_TRIANGLE_GOLD_EVIDENCE_XAUUSD_1751328000,30,XAUUSD,M15,52.5,57.5,35.0,BASE,205,100,104,48.78048780487805,1795.4999999999973,1.6543844303520658,8.75853658536584,276.21000000000004,true
FIRST_TRIANGLE_GOLD_EVIDENCE_XAUUSD_1751328000,31,XAUUSD,M15,52.5,57.5,35.0,SPREAD_PLUS_25,205,100,104,48.78048780487805,1795.4999999999973,1.6543844303520658,8.75853658536584,276.21000000000004,true
FIRST_TRIANGLE_GOLD_EVIDENCE_XAUUSD_1751328000,32,XAUUSD,M15,52.5,57.5,35.0,SPREAD_PLUS_50,205,100,104,48.78048780487805,1795.4999999999973,1.6543844303520658,8.75853658536584,276.21000000000004,true
FIRST_TRIANGLE_GOLD_EVIDENCE_XAUUSD_1751328000,33,XAUUSD,M15,52.5,57.5,35.0,SLIPPAGE_BASE,205,100,104,48.78048780487805,1795.4999999999973,1.6543844303520658,8.75853658536584,276.21000000000004,true
FIRST_TRIANGLE_GOLD_EVIDENCE_XAUUSD_1751328000,34,XAUUSD,M15,52.5,57.5,35.0,COMMISSION_PLUS_25,205,100,104,48.78048780487805,1795.4999999999973,1.6543844303520658,8.75853658536584,276.21000000000004,true
FIRST_TRIANGLE_GOLD_EVIDENCE_XAUUSD_1751328000,35,XAUUSD,M15,52.5,57.5,35.0,COMBINED_STRESS,205,100,104,48.78048780487805,1795.4999999999973,1.6543844303520658,8.75853658536584,276.21000000000004,true
FIRST_TRIANGLE_GOLD_EVIDENCE_XAUUSD_1751328000,36,XAUUSD,M15,52.5,57.5,37.5,BASE,205,100,104,48.78048780487805,1960.0399999999972,1.7143523580435882,9.561170731707303,281.21000000000004,true
FIRST_TRIANGLE_GOLD_EVIDENCE_XAUUSD_1751328000,37,XAUUSD,M15,52.5,57.5,37.5,SPREAD_PLUS_25,205,100,104,48.78048780487805,1960.0399999999972,1.7143523580435882,9.561170731707303,281.21000000000004,true
FIRST_TRIANGLE_GOLD_EVIDENCE_XAUUSD_1751328000,38,XAUUSD,M15,52.5,57.5,37.5,SPREAD_PLUS_50,205,100,104,48.78048780487805,1960.0399999999972,1.7143523580435882,9.561170731707303,281.21000000000004,true
FIRST_TRIANGLE_GOLD_EVIDENCE_XAUUSD_1751328000,39,XAUUSD,M15,52.5,57.5,37.5,SLIPPAGE_BASE,205,100,104,48.78048780487805,1960.0399999999972,1.7143523580435882,9.561170731707303,281.21000000000004,true
FIRST_TRIANGLE_GOLD_EVIDENCE_XAUUSD_1751328000,40,XAUUSD,M15,52.5,57.5,37.5,COMMISSION_PLUS_25,205,100,104,48.78048780487805,1960.0399999999972,1.7143523580435882,9.561170731707303,281.21000000000004,true
FIRST_TRIANGLE_GOLD_EVIDENCE_XAUUSD_1751328000,41,XAUUSD,M15,52.5,57.5,37.5,COMBINED_STRESS,205,100,104,48.78048780487805,1960.0399999999972,1.7143523580435882,9.561170731707303,281.21000000000004,true
FIRST_TRIANGLE_GOLD_EVIDENCE_XAUUSD_1751328000,42,XAUUSD,M15,52.5,60.0,22.5,BASE,205,97,107,47.31707317073171,1666.1599999999949,1.5869716089439385,8.127609756097536,251.21000000000004,true
FIRST_TRIANGLE_GOLD_EVIDENCE_XAUUSD_1751328000,43,XAUUSD,M15,52.5,60.0,22.5,SPREAD_PLUS_25,205,97,107,47.31707317073171,1666.1599999999949,1.5869716089439385,8.127609756097536,251.21000000000004,true
FIRST_TRIANGLE_GOLD_EVIDENCE_XAUUSD_1751328000,44,XAUUSD,M15,52.5,60.0,22.5,SPREAD_PLUS_50,205,97,107,47.31707317073171,1666.1599999999949,1.5869716089439385,8.127609756097536,251.21000000000004,true
FIRST_TRIANGLE_GOLD_EVIDENCE_XAUUSD_1751328000,45,XAUUSD,M15,52.5,60.0,22.5,SLIPPAGE_BASE,205,97,107,47.31707317073171,1666.1599999999949,1.5869716089439385,8.127609756097536,251.21000000000004,true
FIRST_TRIANGLE_GOLD_EVIDENCE_XAUUSD_1751328000,46,XAUUSD,M15,52.5,60.0,22.5,COMMISSION_PLUS_25,205,97,107,47.31707317073171,1666.1599999999949,1.5869716089439385,8.127609756097536,251.21000000000004,true
FIRST_TRIANGLE_GOLD_EVIDENCE_XAUUSD_1751328000,47,XAUUSD,M15,52.5,60.0,22.5,COMBINED_STRESS,205,97,107,47.31707317073171,1666.1599999999949,1.5869716089439385,8.127609756097536,251.21000000000004,true
FIRST_TRIANGLE_GOLD_EVIDENCE_XAUUSD_1751328000,48,XAUUSD,M15,52.5,60.0,25.0,BASE,205,99,105,48.292682926829265,1806.9199999999955,1.650397022511139,8.814243902439003,256.21000000000004,true
FIRST_TRIANGLE_GOLD_EVIDENCE_XAUUSD_1751328000,49,XAUUSD,M15,52.5,60.0,25.0,SPREAD_PLUS_25,205,99,105,48.292682926829265,1806.9199999999955,1.650397022511139,8.814243902439003,256.21000000000004,true
FIRST_TRIANGLE_GOLD_EVIDENCE_XAUUSD_1751328000,50,XAUUSD,M15,52.5,60.0,25.0,SPREAD_PLUS_50,205,99,105,48.292682926829265,1806.9199999999955,1.650397022511139,8.814243902439003,256.21000000000004,true
FIRST_TRIANGLE_GOLD_EVIDENCE_XAUUSD_1751328000,51,XAUUSD,M15,52.5,60.0,25.0,SLIPPAGE_BASE,205,99,105,48.292682926829265,1806.9199999999955,1.650397022511139,8.814243902439003,256.21000000000004,true
FIRST_TRIANGLE_GOLD_EVIDENCE_XAUUSD_1751328000,52,XAUUSD,M15,52.5,60.0,25.0,COMMISSION_PLUS_25,205,99,105,48.292682926829265,1806.9199999999955,1.650397022511139,8.814243902439003,256.21000000000004,true
FIRST_TRIANGLE_GOLD_EVIDENCE_XAUUSD_1751328000,53,XAUUSD,M15,52.5,60.0,25.0,COMBINED_STRESS,205,99,105,48.292682926829265,1806.9199999999955,1.650397022511139,8.814243902439003,256.21000000000004,true
FIRST_TRIANGLE_GOLD_EVIDENCE_XAUUSD_1751328000,54,XAUUSD,M15,52.5,60.0,27.5,BASE,205,99,105,48.292682926829265,1708.8199999999956,1.615086135527575,8.33570731707315,261.21000000000004,true
FIRST_TRIANGLE_GOLD_EVIDENCE_XAUUSD_1751328000,55,XAUUSD,M15,52.5,60.0,27.5,SPREAD_PLUS_25,205,99,105,48.292682926829265,1708.8199999999956,1.615086135527575,8.33570731707315,261.21000000000004,true
FIRST_TRIANGLE_GOLD_EVIDENCE_XAUUSD_1751328000,56,XAUUSD,M15,52.5,60.0,27.5,SPREAD_PLUS_50,205,99,105,48.292682926829265,1708.8199999999956,1.615086135527575,8.33570731707315,261.21000000000004,true
FIRST_TRIANGLE_GOLD_EVIDENCE_XAUUSD_1751328000,57,XAUUSD,M15,52.5,60.0,27.5,SLIPPAGE_BASE,205,99,105,48.292682926829265,1708.8199999999956,1.615086135527575,8.33570731707315,261.21000000000004,true
FIRST_TRIANGLE_GOLD_EVIDENCE_XAUUSD_1751328000,58,XAUUSD,M15,52.5,60.0,27.5,COMMISSION_PLUS_25,205,99,105,48.292682926829265,1708.8199999999956,1.615086135527575,8.33570731707315,261.21000000000004,true
FIRST_TRIANGLE_GOLD_EVIDENCE_XAUUSD_1751328000,59,XAUUSD,M15,52.5,60.0,27.5,COMBINED_STRESS,205,99,105,48.292682926829265,1708.8199999999956,1.615086135527575,8.33570731707315,261.21000000000004,true
FIRST_TRIANGLE_GOLD_EVIDENCE_XAUUSD_1751328000,60,XAUUSD,M15,52.5,60.0,30.0,BASE,205,99,105,48.292682926829265,1697.4799999999964,1.6110043265735114,8.28039024390242,266.21000000000004,true
FIRST_TRIANGLE_GOLD_EVIDENCE_XAUUSD_1751328000,61,XAUUSD,M15,52.5,60.0,30.0,SPREAD_PLUS_25,205,99,105,48.292682926829265,1697.4799999999964,1.6110043265735114,8.28039024390242,266.21000000000004,true
FIRST_TRIANGLE_GOLD_EVIDENCE_XAUUSD_1751328000,62,XAUUSD,M15,52.5,60.0,30.0,SPREAD_PLUS_50,205,99,105,48.292682926829265,1697.4799999999964,1.6110043265735114,8.28039024390242,266.21000000000004,true
FIRST_TRIANGLE_GOLD_EVIDENCE_XAUUSD_1751328000,63,XAUUSD,M15,52.5,60.0,30.0,SLIPPAGE_BASE,205,99,105,48.292682926829265,1697.4799999999964,1.6110043265735114,8.28039024390242,266.21000000000004,true
FIRST_TRIANGLE_GOLD_EVIDENCE_XAUUSD_1751328000,64,XAUUSD,M15,52.5,60.0,30.0,COMMISSION_PLUS_25,205,99,105,48.292682926829265,1697.4799999999964,1.6110043265735114,8.28039024390242,266.21000000000004,true
FIRST_TRIANGLE_GOLD_EVIDENCE_XAUUSD_1751328000,65,XAUUSD,M15,52.5,60.0,30.0,COMBINED_STRESS,205,99,105,48.292682926829265,1697.4799999999964,1.6110043265735114,8.28039024390242,266.21000000000004,true
FIRST_TRIANGLE_GOLD_EVIDENCE_XAUUSD_1751328000,66,XAUUSD,M15,52.5,60.0,32.5,BASE,205,99,105,48.292682926829265,1630.8999999999965,1.5870389967532694,7.955609756097544,271.21000000000004,true
FIRST_TRIANGLE_GOLD_EVIDENCE_XAUUSD_1751328000,67,XAUUSD,M15,52.5,60.0,32.5,SPREAD_PLUS_25,205,99,105,48.292682926829265,1630.8999999999965,1.5870389967532694,7.955609756097544,271.21000000000004,true
FIRST_TRIANGLE_GOLD_EVIDENCE_XAUUSD_1751328000,68,XAUUSD,M15,52.5,60.0,32.5,SPREAD_PLUS_50,205,99,105,48.292682926829265,1630.8999999999965,1.5870389967532694,7.955609756097544,271.21000000000004,true
FIRST_TRIANGLE_GOLD_EVIDENCE_XAUUSD_1751328000,69,XAUUSD,M15,52.5,60.0,32.5,SLIPPAGE_BASE,205,99,105,48.292682926829265,1630.8999999999965,1.5870389967532694,7.955609756097544,271.21000000000004,true
FIRST_TRIANGLE_GOLD_EVIDENCE_XAUUSD_1751328000,70,XAUUSD,M15,52.5,60.0,32.5,COMMISSION_PLUS_25,205,99,105,48.292682926829265,1630.8999999999965,1.5870389967532694,7.955609756097544,271.21000000000004,true
FIRST_TRIANGLE_GOLD_EVIDENCE_XAUUSD_1751328000,71,XAUUSD,M15,52.5,60.0,32.5,COMBINED_STRESS,205,99,105,48.292682926829265,1630.8999999999965,1.5870389967532694,7.955609756097544,271.21000000000004,true
FIRST_TRIANGLE_GOLD_EVIDENCE_XAUUSD_1751328000,72,XAUUSD,M15,52.5,60.0,35.0,BASE,205,100,104,48.78048780487805,1800.0699999999974,1.6560500036445798,8.78082926829267,276.21000000000004,true
FIRST_TRIANGLE_GOLD_EVIDENCE_XAUUSD_1751328000,73,XAUUSD,M15,52.5,60.0,35.0,SPREAD_PLUS_25,205,100,104,48.78048780487805,1800.0699999999974,1.6560500036445798,8.78082926829267,276.21000000000004,true
FIRST_TRIANGLE_GOLD_EVIDENCE_XAUUSD_1751328000,74,XAUUSD,M15,52.5,60.0,35.0,SPREAD_PLUS_50,205,100,104,48.78048780487805,1800.0699999999974,1.6560500036445798,8.78082926829267,276.21000000000004,true
FIRST_TRIANGLE_GOLD_EVIDENCE_XAUUSD_1751328000,75,XAUUSD,M15,52.5,60.0,35.0,SLIPPAGE_BASE,205,100,104,48.78048780487805,1800.0699999999974,1.6560500036445798,8.78082926829267,276.21000000000004,true
FIRST_TRIANGLE_GOLD_EVIDENCE_XAUUSD_1751328000,76,XAUUSD,M15,52.5,60.0,35.0,COMMISSION_PLUS_25,205,100,104,48.78048780487805,1800.0699999999974,1.6560500036445798,8.78082926829267,276.21000000000004,true
FIRST_TRIANGLE_GOLD_EVIDENCE_XAUUSD_1751328000,77,XAUUSD,M15,52.5,60.0,35.0,COMBINED_STRESS,205,100,104,48.78048780487805,1800.0699999999974,1.6560500036445798,8.78082926829267,276.21000000000004,true
FIRST_TRIANGLE_GOLD_EVIDENCE_XAUUSD_1751328000,78,XAUUSD,M15,52.5,60.0,37.5,BASE,205,100,104,48.78048780487805,1964.6099999999974,1.7160179313361028,9.583463414634133,281.21000000000004,true
FIRST_TRIANGLE_GOLD_EVIDENCE_XAUUSD_1751328000,79,XAUUSD,M15,52.5,60.0,37.5,SPREAD_PLUS_25,205,100,104,48.78048780487805,1964.6099999999974,1.7160179313361028,9.583463414634133,281.21000000000004,true
FIRST_TRIANGLE_GOLD_EVIDENCE_XAUUSD_1751328000,80,XAUUSD,M15,52.5,60.0,37.5,SPREAD_PLUS_50,205,100,104,48.78048780487805,1964.6099999999974,1.7160179313361028,9.583463414634133,281.21000000000004,true
FIRST_TRIANGLE_GOLD_EVIDENCE_XAUUSD_1751328000,81,XAUUSD,M15,52.5,60.0,37.5,SLIPPAGE_BASE,205,100,104,48.78048780487805,1964.6099999999974,1.7160179313361028,9.583463414634133,281.21000000000004,true
FIRST_TRIANGLE_GOLD_EVIDENCE_XAUUSD_1751328000,82,XAUUSD,M15,52.5,60.0,37.5,COMMISSION_PLUS_25,205,100,104,48.78048780487805,1964.6099999999974,1.7160179313361028,9.583463414634133,281.21000000000004,true
FIRST_TRIANGLE_GOLD_EVIDENCE_XAUUSD_1751328000,83,XAUUSD,M15,52.5,60.0,37.5,COMBINED_STRESS,205,100,104,48.78048780487805,1964.6099999999974,1.7160179313361028,9.583463414634133,281.21000000000004,true
FIRST_TRIANGLE_GOLD_EVIDENCE_XAUUSD_1751328000,84,XAUUSD,M15,52.5,62.5,22.5,BASE,201,92,108,45.77114427860697,1347.1799999999967,1.4739402851705,6.702388059701476,285.53999999999996,true
FIRST_TRIANGLE_GOLD_EVIDENCE_XAUUSD_1751328000,85,XAUUSD,M15,52.5,62.5,22.5,SPREAD_PLUS_25,201,92,108,45.77114427860697,1347.1799999999967,1.4739402851705,6.702388059701476,285.53999999999996,true
FIRST_TRIANGLE_GOLD_EVIDENCE_XAUUSD_1751328000,86,XAUUSD,M15,52.5,62.5,22.5,SPREAD_PLUS_50,201,92,108,45.77114427860697,1347.1799999999967,1.4739402851705,6.702388059701476,285.53999999999996,true
FIRST_TRIANGLE_GOLD_EVIDENCE_XAUUSD_1751328000,87,XAUUSD,M15,52.5,62.5,22.5,SLIPPAGE_BASE,201,92,108,45.77114427860697,1347.1799999999967,1.4739402851705,6.702388059701476,285.53999999999996,true
FIRST_TRIANGLE_GOLD_EVIDENCE_XAUUSD_1751328000,88,XAUUSD,M15,52.5,62.5,22.5,COMMISSION_PLUS_25,201,92,108,45.77114427860697,1347.1799999999967,1.4739402851705,6.702388059701476,285.53999999999996,true
FIRST_TRIANGLE_GOLD_EVIDENCE_XAUUSD_1751328000,89,XAUUSD,M15,52.5,62.5,22.5,COMBINED_STRESS,201,92,108,45.77114427860697,1347.1799999999967,1.4739402851705,6.702388059701476,285.53999999999996,true
FIRST_TRIANGLE_GOLD_EVIDENCE_XAUUSD_1751328000,90,XAUUSD,M15,52.5,62.5,25.0,BASE,201,94,106,46.766169154228855,1507.9399999999973,1.5420111282043905,7.5021890547263546,290.53999999999996,true
FIRST_TRIANGLE_GOLD_EVIDENCE_XAUUSD_1751328000,91,XAUUSD,M15,52.5,62.5,25.0,SPREAD_PLUS_25,201,94,106,46.766169154228855,1507.9399999999973,1.5420111282043905,7.5021890547263546,290.53999999999996,true
FIRST_TRIANGLE_GOLD_EVIDENCE_XAUUSD_1751328000,92,XAUUSD,M15,52.5,62.5,25.0,SPREAD_PLUS_50,201,94,106,46.766169154228855,1507.9399999999973,1.5420111282043905,7.5021890547263546,290.53999999999996,true
FIRST_TRIANGLE_GOLD_EVIDENCE_XAUUSD_1751328000,93,XAUUSD,M15,52.5,62.5,25.0,SLIPPAGE_BASE,201,94,106,46.766169154228855,1507.9399999999973,1.5420111282043905,7.5021890547263546,290.53999999999996,true
FIRST_TRIANGLE_GOLD_EVIDENCE_XAUUSD_1751328000,94,XAUUSD,M15,52.5,62.5,25.0,COMMISSION_PLUS_25,201,94,106,46.766169154228855,1507.9399999999973,1.5420111282043905,7.5021890547263546,290.53999999999996,true
FIRST_TRIANGLE_GOLD_EVIDENCE_XAUUSD_1751328000,95,XAUUSD,M15,52.5,62.5,25.0,COMBINED_STRESS,201,94,106,46.766169154228855,1507.9399999999973,1.5420111282043905,7.5021890547263546,290.53999999999996,true
FIRST_TRIANGLE_GOLD_EVIDENCE_XAUUSD_1751328000,96,XAUUSD,M15,52.5,62.5,27.5,BASE,201,94,106,46.766169154228855,1429.8399999999974,1.5139390105387254,7.113631840796007,295.53999999999996,true
FIRST_TRIANGLE_GOLD_EVIDENCE_XAUUSD_1751328000,97,XAUUSD,M15,52.5,62.5,27.5,SPREAD_PLUS_25,201,94,106,46.766169154228855,1429.8399999999974,1.5139390105387254,7.113631840796007,295.53999999999996,true
FIRST_TRIANGLE_GOLD_EVIDENCE_XAUUSD_1751328000,98,XAUUSD,M15,52.5,62.5,27.5,SPREAD_PLUS_50,201,94,106,46.766169154228855,1429.8399999999974,1.5139390105387254,7.113631840796007,295.53999999999996,true
FIRST_TRIANGLE_GOLD_EVIDENCE_XAUUSD_1751328000,99,XAUUSD,M15,52.5,62.5,27.5,SLIPPAGE_BASE,201,94,106,46.766169154228855,1429.8399999999974,1.5139390105387254,7.113631840796007,295.53999999999996,true
FIRST_TRIANGLE_GOLD_EVIDENCE_XAUUSD_1751328000,100,XAUUSD,M15,52.5,62.5,27.5,COMMISSION_PLUS_25,201,94,106,46.766169154228855,1429.8399999999974,1.5139390105387254,7.113631840796007,295.53999999999996,true
FIRST_TRIANGLE_GOLD_EVIDENCE_XAUUSD_1751328000,101,XAUUSD,M15,52.5,62.5,27.5,COMBINED_STRESS,201,94,106,46.766169154228855,1429.8399999999974,1.5139390105387254,7.113631840796007,295.53999999999996,true
FIRST_TRIANGLE_GOLD_EVIDENCE_XAUUSD_1751328000,102,XAUUSD,M15,52.5,62.5,30.0,BASE,201,94,106,46.766169154228855,1445.9699999999984,1.5197367475162824,7.1938805970149176,300.53999999999996,true
FIRST_TRIANGLE_GOLD_EVIDENCE_XAUUSD_1751328000,103,XAUUSD,M15,52.5,62.5,30.0,SPREAD_PLUS_25,201,94,106,46.766169154228855,1445.9699999999984,1.5197367475162824,7.1938805970149176,300.53999999999996,true
FIRST_TRIANGLE_GOLD_EVIDENCE_XAUUSD_1751328000,104,XAUUSD,M15,52.5,62.5,30.0,SPREAD_PLUS_50,201,94,106,46.766169154228855,1445.9699999999984,1.5197367475162824,7.1938805970149176,300.53999999999996,true
FIRST_TRIANGLE_GOLD_EVIDENCE_XAUUSD_1751328000,105,XAUUSD,M15,52.5,62.5,30.0,SLIPPAGE_BASE,201,94,106,46.766169154228855,1445.9699999999984,1.5197367475162824,7.1938805970149176,300.53999999999996,true
FIRST_TRIANGLE_GOLD_EVIDENCE_XAUUSD_1751328000,106,XAUUSD,M15,52.5,62.5,30.0,COMMISSION_PLUS_25,201,94,106,46.766169154228855,1445.9699999999984,1.5197367475162824,7.1938805970149176,300.53999999999996,true
FIRST_TRIANGLE_GOLD_EVIDENCE_XAUUSD_1751328000,107,XAUUSD,M15,52.5,62.5,30.0,COMBINED_STRESS,201,94,106,46.766169154228855,1445.9699999999984,1.5197367475162824,7.1938805970149176,300.53999999999996,true
FIRST_TRIANGLE_GOLD_EVIDENCE_XAUUSD_1751328000,108,XAUUSD,M15,52.5,62.5,32.5,BASE,201,94,106,46.766169154228855,1399.3899999999985,1.5029941195922534,6.96213930348258,305.53999999999996,true
FIRST_TRIANGLE_GOLD_EVIDENCE_XAUUSD_1751328000,109,XAUUSD,M15,52.5,62.5,32.5,SPREAD_PLUS_25,201,94,106,46.766169154228855,1399.3899999999985,1.5029941195922534,6.96213930348258,305.53999999999996,true
FIRST_TRIANGLE_GOLD_EVIDENCE_XAUUSD_1751328000,110,XAUUSD,M15,52.5,62.5,32.5,SPREAD_PLUS_50,201,94,106,46.766169154228855,1399.3899999999985,1.5029941195922534,6.96213930348258,305.53999999999996,true
FIRST_TRIANGLE_GOLD_EVIDENCE_XAUUSD_1751328000,111,XAUUSD,M15,52.5,62.5,32.5,SLIPPAGE_BASE,201,94,106,46.766169154228855,1399.3899999999985,1.5029941195922534,6.96213930348258,305.53999999999996,true
FIRST_TRIANGLE_GOLD_EVIDENCE_XAUUSD_1751328000,112,XAUUSD,M15,52.5,62.5,32.5,COMMISSION_PLUS_25,201,94,106,46.766169154228855,1399.3899999999985,1.5029941195922534,6.96213930348258,305.53999999999996,true
FIRST_TRIANGLE_GOLD_EVIDENCE_XAUUSD_1751328000,113,XAUUSD,M15,52.5,62.5,32.5,COMBINED_STRESS,201,94,106,46.766169154228855,1399.3899999999985,1.5029941195922534,6.96213930348258,305.53999999999996,true
FIRST_TRIANGLE_GOLD_EVIDENCE_XAUUSD_1751328000,114,XAUUSD,M15,52.5,62.5,35.0,BASE,201,95,105,47.2636815920398,1588.5599999999995,1.5781333022775081,7.90328358208955,310.53999999999996,true
FIRST_TRIANGLE_GOLD_EVIDENCE_XAUUSD_1751328000,115,XAUUSD,M15,52.5,62.5,35.0,SPREAD_PLUS_25,201,95,105,47.2636815920398,1588.5599999999995,1.5781333022775081,7.90328358208955,310.53999999999996,true
FIRST_TRIANGLE_GOLD_EVIDENCE_XAUUSD_1751328000,116,XAUUSD,M15,52.5,62.5,35.0,SPREAD_PLUS_50,201,95,105,47.2636815920398,1588.5599999999995,1.5781333022775081,7.90328358208955,310.53999999999996,true
FIRST_TRIANGLE_GOLD_EVIDENCE_XAUUSD_1751328000,117,XAUUSD,M15,52.5,62.5,35.0,SLIPPAGE_BASE,201,95,105,47.2636815920398,1588.5599999999995,1.5781333022775081,7.90328358208955,310.53999999999996,true
FIRST_TRIANGLE_GOLD_EVIDENCE_XAUUSD_1751328000,118,XAUUSD,M15,52.5,62.5,35.0,COMMISSION_PLUS_25,201,95,105,47.2636815920398,1588.5599999999995,1.5781333022775081,7.90328358208955,310.53999999999996,true
FIRST_TRIANGLE_GOLD_EVIDENCE_XAUUSD_1751328000,119,XAUUSD,M15,52.5,62.5,35.0,COMBINED_STRESS,201,95,105,47.2636815920398,1588.5599999999995,1.5781333022775081,7.90328358208955,310.53999999999996,true
FIRST_TRIANGLE_GOLD_EVIDENCE_XAUUSD_1751328000,120,XAUUSD,M15,52.5,62.5,37.5,BASE,201,95,105,47.2636815920398,1731.7299999999987,1.6302379409987846,8.615572139303476,315.53999999999996,true
FIRST_TRIANGLE_GOLD_EVIDENCE_XAUUSD_1751328000,121,XAUUSD,M15,52.5,62.5,37.5,SPREAD_PLUS_25,201,95,105,47.2636815920398,1731.7299999999987,1.6302379409987846,8.615572139303476,315.53999999999996,true
FIRST_TRIANGLE_GOLD_EVIDENCE_XAUUSD_1751328000,122,XAUUSD,M15,52.5,62.5,37.5,SPREAD_PLUS_50,201,95,105,47.2636815920398,1731.7299999999987,1.6302379409987846,8.615572139303476,315.53999999999996,true
FIRST_TRIANGLE_GOLD_EVIDENCE_XAUUSD_1751328000,123,XAUUSD,M15,52.5,62.5,37.5,SLIPPAGE_BASE,201,95,105,47.2636815920398,1731.7299999999987,1.6302379409987846,8.615572139303476,315.53999999999996,true
FIRST_TRIANGLE_GOLD_EVIDENCE_XAUUSD_1751328000,124,XAUUSD,M15,52.5,62.5,37.5,COMMISSION_PLUS_25,201,95,105,47.2636815920398,1731.7299999999987,1.6302379409987846,8.615572139303476,315.53999999999996,true
FIRST_TRIANGLE_GOLD_EVIDENCE_XAUUSD_1751328000,125,XAUUSD,M15,52.5,62.5,37.5,COMBINED_STRESS,201,95,105,47.2636815920398,1731.7299999999987,1.6302379409987846,8.615572139303476,315.53999999999996,true
FIRST_TRIANGLE_GOLD_EVIDENCE_XAUUSD_1751328000,126,XAUUSD,M15,55.0,57.5,22.5,BASE,204,100,103,49.01960784313726,2201.2899999999963,1.8150692032554034,10.790637254901943,206.82999999999856,true
FIRST_TRIANGLE_GOLD_EVIDENCE_XAUUSD_1751328000,127,XAUUSD,M15,55.0,57.5,22.5,SPREAD_PLUS_25,204,100,103,49.01960784313726,2201.2899999999963,1.8150692032554034,10.790637254901943,206.82999999999856,true
FIRST_TRIANGLE_GOLD_EVIDENCE_XAUUSD_1751328000,128,XAUUSD,M15,55.0,57.5,22.5,SPREAD_PLUS_50,204,100,103,49.01960784313726,2201.2899999999963,1.8150692032554034,10.790637254901943,206.82999999999856,true
FIRST_TRIANGLE_GOLD_EVIDENCE_XAUUSD_1751328000,129,XAUUSD,M15,55.0,57.5,22.5,SLIPPAGE_BASE,204,100,103,49.01960784313726,2201.2899999999963,1.8150692032554034,10.790637254901943,206.82999999999856,true
FIRST_TRIANGLE_GOLD_EVIDENCE_XAUUSD_1751328000,130,XAUUSD,M15,55.0,57.5,22.5,COMMISSION_PLUS_25,204,100,103,49.01960784313726,2201.2899999999963,1.8150692032554034,10.790637254901943,206.82999999999856,true
FIRST_TRIANGLE_GOLD_EVIDENCE_XAUUSD_1751328000,131,XAUUSD,M15,55.0,57.5,22.5,COMBINED_STRESS,204,100,103,49.01960784313726,2201.2899999999963,1.8150692032554034,10.790637254901943,206.82999999999856,true
FIRST_TRIANGLE_GOLD_EVIDENCE_XAUUSD_1751328000,132,XAUUSD,M15,55.0,57.5,25.0,BASE,204,102,101,50.0,2348.3599999999965,1.8894123885090979,11.511568627450963,176.44999999999982,true
FIRST_TRIANGLE_GOLD_EVIDENCE_XAUUSD_1751328000,133,XAUUSD,M15,55.0,57.5,25.0,SPREAD_PLUS_25,204,102,101,50.0,2348.3599999999965,1.8894123885090979,11.511568627450963,176.44999999999982,true
FIRST_TRIANGLE_GOLD_EVIDENCE_XAUUSD_1751328000,134,XAUUSD,M15,55.0,57.5,25.0,SPREAD_PLUS_50,204,102,101,50.0,2348.3599999999965,1.8894123885090979,11.511568627450963,176.44999999999982,true
FIRST_TRIANGLE_GOLD_EVIDENCE_XAUUSD_1751328000,135,XAUUSD,M15,55.0,57.5,25.0,SLIPPAGE_BASE,204,102,101,50.0,2348.3599999999965,1.8894123885090979,11.511568627450963,176.44999999999982,true
FIRST_TRIANGLE_GOLD_EVIDENCE_XAUUSD_1751328000,136,XAUUSD,M15,55.0,57.5,25.0,COMMISSION_PLUS_25,204,102,101,50.0,2348.3599999999965,1.8894123885090979,11.511568627450963,176.44999999999982,true
FIRST_TRIANGLE_GOLD_EVIDENCE_XAUUSD_1751328000,137,XAUUSD,M15,55.0,57.5,25.0,COMBINED_STRESS,204,102,101,50.0,2348.3599999999965,1.8894123885090979,11.511568627450963,176.44999999999982,true
FIRST_TRIANGLE_GOLD_EVIDENCE_XAUUSD_1751328000,138,XAUUSD,M15,55.0,57.5,27.5,BASE,204,102,101,50.0,2243.5099999999966,1.8497017440869574,10.997598039215669,181.44999999999982,true
FIRST_TRIANGLE_GOLD_EVIDENCE_XAUUSD_1751328000,139,XAUUSD,M15,55.0,57.5,27.5,SPREAD_PLUS_25,204,102,101,50.0,2243.5099999999966,1.8497017440869574,10.997598039215669,181.44999999999982,true
FIRST_TRIANGLE_GOLD_EVIDENCE_XAUUSD_1751328000,140,XAUUSD,M15,55.0,57.5,27.5,SPREAD_PLUS_50,204,102,101,50.0,2243.5099999999966,1.8497017440869574,10.997598039215669,181.44999999999982,true
FIRST_TRIANGLE_GOLD_EVIDENCE_XAUUSD_1751328000,141,XAUUSD,M15,55.0,57.5,27.5,SLIPPAGE_BASE,204,102,101,50.0,2243.5099999999966,1.8497017440869574,10.997598039215669,181.44999999999982,true
FIRST_TRIANGLE_GOLD_EVIDENCE_XAUUSD_1751328000,142,XAUUSD,M15,55.0,57.5,27.5,COMMISSION_PLUS_25,204,102,101,50.0,2243.5099999999966,1.8497017440869574,10.997598039215669,181.44999999999982,true
FIRST_TRIANGLE_GOLD_EVIDENCE_XAUUSD_1751328000,143,XAUUSD,M15,55.0,57.5,27.5,COMBINED_STRESS,204,102,101,50.0,2243.5099999999966,1.8497017440869574,10.997598039215669,181.44999999999982,true
FIRST_TRIANGLE_GOLD_EVIDENCE_XAUUSD_1751328000,144,XAUUSD,M15,55.0,57.5,30.0,BASE,204,102,101,50.0,2304.0199999999977,1.872619160338591,11.294215686274498,186.44999999999982,true
FIRST_TRIANGLE_GOLD_EVIDENCE_XAUUSD_1751328000,145,XAUUSD,M15,55.0,57.5,30.0,SPREAD_PLUS_25,204,102,101,50.0,2304.0199999999977,1.872619160338591,11.294215686274498,186.44999999999982,true
FIRST_TRIANGLE_GOLD_EVIDENCE_XAUUSD_1751328000,146,XAUUSD,M15,55.0,57.5,30.0,SPREAD_PLUS_50,204,102,101,50.0,2304.0199999999977,1.872619160338591,11.294215686274498,186.44999999999982,true
FIRST_TRIANGLE_GOLD_EVIDENCE_XAUUSD_1751328000,147,XAUUSD,M15,55.0,57.5,30.0,SLIPPAGE_BASE,204,102,101,50.0,2304.0199999999977,1.872619160338591,11.294215686274498,186.44999999999982,true
FIRST_TRIANGLE_GOLD_EVIDENCE_XAUUSD_1751328000,148,XAUUSD,M15,55.0,57.5,30.0,COMMISSION_PLUS_25,204,102,101,50.0,2304.0199999999977,1.872619160338591,11.294215686274498,186.44999999999982,true
FIRST_TRIANGLE_GOLD_EVIDENCE_XAUUSD_1751328000,149,XAUUSD,M15,55.0,57.5,30.0,COMBINED_STRESS,204,102,101,50.0,2304.0199999999977,1.872619160338591,11.294215686274498,186.44999999999982,true
FIRST_TRIANGLE_GOLD_EVIDENCE_XAUUSD_1751328000,150,XAUUSD,M15,55.0,57.5,32.5,BASE,204,102,101,50.0,2279.159999999997,1.8632037419281529,11.172352941176456,191.44999999999982,true
FIRST_TRIANGLE_GOLD_EVIDENCE_XAUUSD_1751328000,151,XAUUSD,M15,55.0,57.5,32.5,SPREAD_PLUS_25,204,102,101,50.0,2279.159999999997,1.8632037419281529,11.172352941176456,191.44999999999982,true
FIRST_TRIANGLE_GOLD_EVIDENCE_XAUUSD_1751328000,152,XAUUSD,M15,55.0,57.5,32.5,SPREAD_PLUS_50,204,102,101,50.0,2279.159999999997,1.8632037419281529,11.172352941176456,191.44999999999982,true
FIRST_TRIANGLE_GOLD_EVIDENCE_XAUUSD_1751328000,153,XAUUSD,M15,55.0,57.5,32.5,SLIPPAGE_BASE,204,102,101,50.0,2279.159999999997,1.8632037419281529,11.172352941176456,191.44999999999982,true
FIRST_TRIANGLE_GOLD_EVIDENCE_XAUUSD_1751328000,154,XAUUSD,M15,55.0,57.5,32.5,COMMISSION_PLUS_25,204,102,101,50.0,2279.159999999997,1.8632037419281529,11.172352941176456,191.44999999999982,true
FIRST_TRIANGLE_GOLD_EVIDENCE_XAUUSD_1751328000,155,XAUUSD,M15,55.0,57.5,32.5,COMBINED_STRESS,204,102,101,50.0,2279.159999999997,1.8632037419281529,11.172352941176456,191.44999999999982,true
FIRST_TRIANGLE_GOLD_EVIDENCE_XAUUSD_1751328000,156,XAUUSD,M15,55.0,57.5,35.0,BASE,204,103,100,50.490196078431374,2466.0499999999984,1.9463079007049198,12.088480392156855,196.44999999999982,true
FIRST_TRIANGLE_GOLD_EVIDENCE_XAUUSD_1751328000,157,XAUUSD,M15,55.0,57.5,35.0,SPREAD_PLUS_25,204,103,100,50.490196078431374,2466.0499999999984,1.9463079007049198,12.088480392156855,196.44999999999982,true
FIRST_TRIANGLE_GOLD_EVIDENCE_XAUUSD_1751328000,158,XAUUSD,M15,55.0,57.5,35.0,SPREAD_PLUS_50,204,103,100,50.490196078431374,2466.0499999999984,1.9463079007049198,12.088480392156855,196.44999999999982,true
FIRST_TRIANGLE_GOLD_EVIDENCE_XAUUSD_1751328000,159,XAUUSD,M15,55.0,57.5,35.0,SLIPPAGE_BASE,204,103,100,50.490196078431374,2466.0499999999984,1.9463079007049198,12.088480392156855,196.44999999999982,true
FIRST_TRIANGLE_GOLD_EVIDENCE_XAUUSD_1751328000,160,XAUUSD,M15,55.0,57.5,35.0,COMMISSION_PLUS_25,204,103,100,50.490196078431374,2466.0499999999984,1.9463079007049198,12.088480392156855,196.44999999999982,true
FIRST_TRIANGLE_GOLD_EVIDENCE_XAUUSD_1751328000,161,XAUUSD,M15,55.0,57.5,35.0,COMBINED_STRESS,204,103,100,50.490196078431374,2466.0499999999984,1.9463079007049198,12.088480392156855,196.44999999999982,true
FIRST_TRIANGLE_GOLD_EVIDENCE_XAUUSD_1751328000,162,XAUUSD,M15,55.0,57.5,37.5,BASE,204,103,100,50.490196078431374,2620.5899999999983,2.00561019505213,12.846029411764698,201.44999999999982,true
FIRST_TRIANGLE_GOLD_EVIDENCE_XAUUSD_1751328000,163,XAUUSD,M15,55.0,57.5,37.5,SPREAD_PLUS_25,204,103,100,50.490196078431374,2620.5899999999983,2.00561019505213,12.846029411764698,201.44999999999982,true
FIRST_TRIANGLE_GOLD_EVIDENCE_XAUUSD_1751328000,164,XAUUSD,M15,55.0,57.5,37.5,SPREAD_PLUS_50,204,103,100,50.490196078431374,2620.5899999999983,2.00561019505213,12.846029411764698,201.44999999999982,true
FIRST_TRIANGLE_GOLD_EVIDENCE_XAUUSD_1751328000,165,XAUUSD,M15,55.0,57.5,37.5,SLIPPAGE_BASE,204,103,100,50.490196078431374,2620.5899999999983,2.00561019505213,12.846029411764698,201.44999999999982,true
FIRST_TRIANGLE_GOLD_EVIDENCE_XAUUSD_1751328000,166,XAUUSD,M15,55.0,57.5,37.5,COMMISSION_PLUS_25,204,103,100,50.490196078431374,2620.5899999999983,2.00561019505213,12.846029411764698,201.44999999999982,true
FIRST_TRIANGLE_GOLD_EVIDENCE_XAUUSD_1751328000,167,XAUUSD,M15,55.0,57.5,37.5,COMBINED_STRESS,204,103,100,50.490196078431374,2620.5899999999983,2.00561019505213,12.846029411764698,201.44999999999982,true
FIRST_TRIANGLE_GOLD_EVIDENCE_XAUUSD_1751328000,168,XAUUSD,M15,55.0,60.0,22.5,BASE,204,100,103,49.01960784313726,2228.669999999996,1.8252071654435447,10.92485294117645,206.82999999999856,true
FIRST_TRIANGLE_GOLD_EVIDENCE_XAUUSD_1751328000,169,XAUUSD,M15,55.0,60.0,22.5,SPREAD_PLUS_25,204,100,103,49.01960784313726,2228.669999999996,1.8252071654435447,10.92485294117645,206.82999999999856,true
FIRST_TRIANGLE_GOLD_EVIDENCE_XAUUSD_1751328000,170,XAUUSD,M15,55.0,60.0,22.5,SPREAD_PLUS_50,204,100,103,49.01960784313726,2228.669999999996,1.8252071654435447,10.92485294117645,206.82999999999856,true
FIRST_TRIANGLE_GOLD_EVIDENCE_XAUUSD_1751328000,171,XAUUSD,M15,55.0,60.0,22.5,SLIPPAGE_BASE,204,100,103,49.01960784313726,2228.669999999996,1.8252071654435447,10.92485294117645,206.82999999999856,true
FIRST_TRIANGLE_GOLD_EVIDENCE_XAUUSD_1751328000,172,XAUUSD,M15,55.0,60.0,22.5,COMMISSION_PLUS_25,204,100,103,49.01960784313726,2228.669999999996,1.8252071654435447,10.92485294117645,206.82999999999856,true
FIRST_TRIANGLE_GOLD_EVIDENCE_XAUUSD_1751328000,173,XAUUSD,M15,55.0,60.0,22.5,COMBINED_STRESS,204,100,103,49.01960784313726,2228.669999999996,1.8252071654435447,10.92485294117645,206.82999999999856,true
FIRST_TRIANGLE_GOLD_EVIDENCE_XAUUSD_1751328000,174,XAUUSD,M15,55.0,60.0,25.0,BASE,204,102,101,50.0,2368.7499999999964,1.8971348495464608,11.61151960784312,176.44999999999982,true
FIRST_TRIANGLE_GOLD_EVIDENCE_XAUUSD_1751328000,175,XAUUSD,M15,55.0,60.0,25.0,SPREAD_PLUS_25,204,102,101,50.0,2368.7499999999964,1.8971348495464608,11.61151960784312,176.44999999999982,true
FIRST_TRIANGLE_GOLD_EVIDENCE_XAUUSD_1751328000,176,XAUUSD,M15,55.0,60.0,25.0,SPREAD_PLUS_50,204,102,101,50.0,2368.7499999999964,1.8971348495464608,11.61151960784312,176.44999999999982,true
FIRST_TRIANGLE_GOLD_EVIDENCE_XAUUSD_1751328000,177,XAUUSD,M15,55.0,60.0,25.0,SLIPPAGE_BASE,204,102,101,50.0,2368.7499999999964,1.8971348495464608,11.61151960784312,176.44999999999982,true
FIRST_TRIANGLE_GOLD_EVIDENCE_XAUUSD_1751328000,178,XAUUSD,M15,55.0,60.0,25.0,COMMISSION_PLUS_25,204,102,101,50.0,2368.7499999999964,1.8971348495464608,11.61151960784312,176.44999999999982,true
FIRST_TRIANGLE_GOLD_EVIDENCE_XAUUSD_1751328000,179,XAUUSD,M15,55.0,60.0,25.0,COMBINED_STRESS,204,102,101,50.0,2368.7499999999964,1.8971348495464608,11.61151960784312,176.44999999999982,true
FIRST_TRIANGLE_GOLD_EVIDENCE_XAUUSD_1751328000,180,XAUUSD,M15,55.0,60.0,27.5,BASE,204,102,101,50.0,2260.6499999999965,1.8561933077054176,11.081617647058806,181.44999999999982,true
FIRST_TRIANGLE_GOLD_EVIDENCE_XAUUSD_1751328000,181,XAUUSD,M15,55.0,60.0,27.5,SPREAD_PLUS_25,204,102,101,50.0,2260.6499999999965,1.8561933077054176,11.081617647058806,181.44999999999982,true
FIRST_TRIANGLE_GOLD_EVIDENCE_XAUUSD_1751328000,182,XAUUSD,M15,55.0,60.0,27.5,SPREAD_PLUS_50,204,102,101,50.0,2260.6499999999965,1.8561933077054176,11.081617647058806,181.44999999999982,true
FIRST_TRIANGLE_GOLD_EVIDENCE_XAUUSD_1751328000,183,XAUUSD,M15,55.0,60.0,27.5,SLIPPAGE_BASE,204,102,101,50.0,2260.6499999999965,1.8561933077054176,11.081617647058806,181.44999999999982,true
FIRST_TRIANGLE_GOLD_EVIDENCE_XAUUSD_1751328000,184,XAUUSD,M15,55.0,60.0,27.5,COMMISSION_PLUS_25,204,102,101,50.0,2260.6499999999965,1.8561933077054176,11.081617647058806,181.44999999999982,true
FIRST_TRIANGLE_GOLD_EVIDENCE_XAUUSD_1751328000,185,XAUUSD,M15,55.0,60.0,27.5,COMBINED_STRESS,204,102,101,50.0,2260.6499999999965,1.8561933077054176,11.081617647058806,181.44999999999982,true
FIRST_TRIANGLE_GOLD_EVIDENCE_XAUUSD_1751328000,186,XAUUSD,M15,55.0,60.0,30.0,BASE,204,102,101,50.0,2308.589999999998,1.8743499914784028,11.316617647058813,186.44999999999982,true
FIRST_TRIANGLE_GOLD_EVIDENCE_XAUUSD_1751328000,187,XAUUSD,M15,55.0,60.0,30.0,SPREAD_PLUS_25,204,102,101,50.0,2308.589999999998,1.8743499914784028,11.316617647058813,186.44999999999982,true
FIRST_TRIANGLE_GOLD_EVIDENCE_XAUUSD_1751328000,188,XAUUSD,M15,55.0,60.0,30.0,SPREAD_PLUS_50,204,102,101,50.0,2308.589999999998,1.8743499914784028,11.316617647058813,186.44999999999982,true
FIRST_TRIANGLE_GOLD_EVIDENCE_XAUUSD_1751328000,189,XAUUSD,M15,55.0,60.0,30.0,SLIPPAGE_BASE,204,102,101,50.0,2308.589999999998,1.8743499914784028,11.316617647058813,186.44999999999982,true
FIRST_TRIANGLE_GOLD_EVIDENCE_XAUUSD_1751328000,190,XAUUSD,M15,55.0,60.0,30.0,COMMISSION_PLUS_25,204,102,101,50.0,2308.589999999998,1.8743499914784028,11.316617647058813,186.44999999999982,true
FIRST_TRIANGLE_GOLD_EVIDENCE_XAUUSD_1751328000,191,XAUUSD,M15,55.0,60.0,30.0,COMBINED_STRESS,204,102,101,50.0,2308.589999999998,1.8743499914784028,11.316617647058813,186.44999999999982,true
FIRST_TRIANGLE_GOLD_EVIDENCE_XAUUSD_1751328000,192,XAUUSD,M15,55.0,60.0,32.5,BASE,204,102,101,50.0,2283.7299999999973,1.8649345730679645,11.19475490196077,191.44999999999982,true
FIRST_TRIANGLE_GOLD_EVIDENCE_XAUUSD_1751328000,193,XAUUSD,M15,55.0,60.0,32.5,SPREAD_PLUS_25,204,102,101,50.0,2283.7299999999973,1.8649345730679645,11.19475490196077,191.44999999999982,true
FIRST_TRIANGLE_GOLD_EVIDENCE_XAUUSD_1751328000,194,XAUUSD,M15,55.0,60.0,32.5,SPREAD_PLUS_50,204,102,101,50.0,2283.7299999999973,1.8649345730679645,11.19475490196077,191.44999999999982,true
FIRST_TRIANGLE_GOLD_EVIDENCE_XAUUSD_1751328000,195,XAUUSD,M15,55.0,60.0,32.5,SLIPPAGE_BASE,204,102,101,50.0,2283.7299999999973,1.8649345730679645,11.19475490196077,191.44999999999982,true
FIRST_TRIANGLE_GOLD_EVIDENCE_XAUUSD_1751328000,196,XAUUSD,M15,55.0,60.0,32.5,COMMISSION_PLUS_25,204,102,101,50.0,2283.7299999999973,1.8649345730679645,11.19475490196077,191.44999999999982,true
FIRST_TRIANGLE_GOLD_EVIDENCE_XAUUSD_1751328000,197,XAUUSD,M15,55.0,60.0,32.5,COMBINED_STRESS,204,102,101,50.0,2283.7299999999973,1.8649345730679645,11.19475490196077,191.44999999999982,true
FIRST_TRIANGLE_GOLD_EVIDENCE_XAUUSD_1751328000,198,XAUUSD,M15,55.0,60.0,35.0,BASE,204,103,100,50.490196078431374,2470.6199999999985,1.9480615663265508,12.11088235294117,196.44999999999982,true
FIRST_TRIANGLE_GOLD_EVIDENCE_XAUUSD_1751328000,199,XAUUSD,M15,55.0,60.0,35.0,SPREAD_PLUS_25,204,103,100,50.490196078431374,2470.6199999999985,1.9480615663265508,12.11088235294117,196.44999999999982,true
FIRST_TRIANGLE_GOLD_EVIDENCE_XAUUSD_1751328000,200,XAUUSD,M15,55.0,60.0,35.0,SPREAD_PLUS_50,204,103,100,50.490196078431374,2470.6199999999985,1.9480615663265508,12.11088235294117,196.44999999999982,true
FIRST_TRIANGLE_GOLD_EVIDENCE_XAUUSD_1751328000,201,XAUUSD,M15,55.0,60.0,35.0,SLIPPAGE_BASE,204,103,100,50.490196078431374,2470.6199999999985,1.9480615663265508,12.11088235294117,196.44999999999982,true
FIRST_TRIANGLE_GOLD_EVIDENCE_XAUUSD_1751328000,202,XAUUSD,M15,55.0,60.0,35.0,COMMISSION_PLUS_25,204,103,100,50.490196078431374,2470.6199999999985,1.9480615663265508,12.11088235294117,196.44999999999982,true
FIRST_TRIANGLE_GOLD_EVIDENCE_XAUUSD_1751328000,203,XAUUSD,M15,55.0,60.0,35.0,COMBINED_STRESS,204,103,100,50.490196078431374,2470.6199999999985,1.9480615663265508,12.11088235294117,196.44999999999982,true
FIRST_TRIANGLE_GOLD_EVIDENCE_XAUUSD_1751328000,204,XAUUSD,M15,55.0,60.0,37.5,BASE,204,103,100,50.490196078431374,2625.1599999999985,2.007363860673761,12.868431372549011,201.44999999999982,true
FIRST_TRIANGLE_GOLD_EVIDENCE_XAUUSD_1751328000,205,XAUUSD,M15,55.0,60.0,37.5,SPREAD_PLUS_25,204,103,100,50.490196078431374,2625.1599999999985,2.007363860673761,12.868431372549011,201.44999999999982,true
FIRST_TRIANGLE_GOLD_EVIDENCE_XAUUSD_1751328000,206,XAUUSD,M15,55.0,60.0,37.5,SPREAD_PLUS_50,204,103,100,50.490196078431374,2625.1599999999985,2.007363860673761,12.868431372549011,201.44999999999982,true
FIRST_TRIANGLE_GOLD_EVIDENCE_XAUUSD_1751328000,207,XAUUSD,M15,55.0,60.0,37.5,SLIPPAGE_BASE,204,103,100,50.490196078431374,2625.1599999999985,2.007363860673761,12.868431372549011,201.44999999999982,true
FIRST_TRIANGLE_GOLD_EVIDENCE_XAUUSD_1751328000,208,XAUUSD,M15,55.0,60.0,37.5,COMMISSION_PLUS_25,204,103,100,50.490196078431374,2625.1599999999985,2.007363860673761,12.868431372549011,201.44999999999982,true
FIRST_TRIANGLE_GOLD_EVIDENCE_XAUUSD_1751328000,209,XAUUSD,M15,55.0,60.0,37.5,COMBINED_STRESS,204,103,100,50.490196078431374,2625.1599999999985,2.007363860673761,12.868431372549011,201.44999999999982,true
FIRST_TRIANGLE_GOLD_EVIDENCE_XAUUSD_1751328000,210,XAUUSD,M15,55.0,62.5,22.5,BASE,200,95,104,47.5,1909.6899999999978,1.7060687401097356,9.548449999999988,206.82999999999856,true
FIRST_TRIANGLE_GOLD_EVIDENCE_XAUUSD_1751328000,211,XAUUSD,M15,55.0,62.5,22.5,SPREAD_PLUS_25,200,95,104,47.5,1909.6899999999978,1.7060687401097356,9.548449999999988,206.82999999999856,true
FIRST_TRIANGLE_GOLD_EVIDENCE_XAUUSD_1751328000,212,XAUUSD,M15,55.0,62.5,22.5,SPREAD_PLUS_50,200,95,104,47.5,1909.6899999999978,1.7060687401097356,9.548449999999988,206.82999999999856,true
FIRST_TRIANGLE_GOLD_EVIDENCE_XAUUSD_1751328000,213,XAUUSD,M15,55.0,62.5,22.5,SLIPPAGE_BASE,200,95,104,47.5,1909.6899999999978,1.7060687401097356,9.548449999999988,206.82999999999856,true
FIRST_TRIANGLE_GOLD_EVIDENCE_XAUUSD_1751328000,214,XAUUSD,M15,55.0,62.5,22.5,COMMISSION_PLUS_25,200,95,104,47.5,1909.6899999999978,1.7060687401097356,9.548449999999988,206.82999999999856,true
FIRST_TRIANGLE_GOLD_EVIDENCE_XAUUSD_1751328000,215,XAUUSD,M15,55.0,62.5,22.5,COMBINED_STRESS,200,95,104,47.5,1909.6899999999978,1.7060687401097356,9.548449999999988,206.82999999999856,true
FIRST_TRIANGLE_GOLD_EVIDENCE_XAUUSD_1751328000,216,XAUUSD,M15,55.0,62.5,25.0,BASE,200,97,102,48.5,2069.769999999998,1.7827318486247727,10.348849999999992,176.44999999999982,true
FIRST_TRIANGLE_GOLD_EVIDENCE_XAUUSD_1751328000,217,XAUUSD,M15,55.0,62.5,25.0,SPREAD_PLUS_25,200,97,102,48.5,2069.769999999998,1.7827318486247727,10.348849999999992,176.44999999999982,true
FIRST_TRIANGLE_GOLD_EVIDENCE_XAUUSD_1751328000,218,XAUUSD,M15,55.0,62.5,25.0,SPREAD_PLUS_50,200,97,102,48.5,2069.769999999998,1.7827318486247727,10.348849999999992,176.44999999999982,true
FIRST_TRIANGLE_GOLD_EVIDENCE_XAUUSD_1751328000,219,XAUUSD,M15,55.0,62.5,25.0,SLIPPAGE_BASE,200,97,102,48.5,2069.769999999998,1.7827318486247727,10.348849999999992,176.44999999999982,true
FIRST_TRIANGLE_GOLD_EVIDENCE_XAUUSD_1751328000,220,XAUUSD,M15,55.0,62.5,25.0,COMMISSION_PLUS_25,200,97,102,48.5,2069.769999999998,1.7827318486247727,10.348849999999992,176.44999999999982,true
FIRST_TRIANGLE_GOLD_EVIDENCE_XAUUSD_1751328000,221,XAUUSD,M15,55.0,62.5,25.0,COMBINED_STRESS,200,97,102,48.5,2069.769999999998,1.7827318486247727,10.348849999999992,176.44999999999982,true
FIRST_TRIANGLE_GOLD_EVIDENCE_XAUUSD_1751328000,222,XAUUSD,M15,55.0,62.5,27.5,BASE,200,97,102,48.5,1981.6699999999983,1.7494147767453645,9.908349999999992,181.44999999999982,true
FIRST_TRIANGLE_GOLD_EVIDENCE_XAUUSD_1751328000,223,XAUUSD,M15,55.0,62.5,27.5,SPREAD_PLUS_25,200,97,102,48.5,1981.6699999999983,1.7494147767453645,9.908349999999992,181.44999999999982,true
FIRST_TRIANGLE_GOLD_EVIDENCE_XAUUSD_1751328000,224,XAUUSD,M15,55.0,62.5,27.5,SPREAD_PLUS_50,200,97,102,48.5,1981.6699999999983,1.7494147767453645,9.908349999999992,181.44999999999982,true
FIRST_TRIANGLE_GOLD_EVIDENCE_XAUUSD_1751328000,225,XAUUSD,M15,55.0,62.5,27.5,SLIPPAGE_BASE,200,97,102,48.5,1981.6699999999983,1.7494147767453645,9.908349999999992,181.44999999999982,true
FIRST_TRIANGLE_GOLD_EVIDENCE_XAUUSD_1751328000,226,XAUUSD,M15,55.0,62.5,27.5,COMMISSION_PLUS_25,200,97,102,48.5,1981.6699999999983,1.7494147767453645,9.908349999999992,181.44999999999982,true
FIRST_TRIANGLE_GOLD_EVIDENCE_XAUUSD_1751328000,227,XAUUSD,M15,55.0,62.5,27.5,COMBINED_STRESS,200,97,102,48.5,1981.6699999999983,1.7494147767453645,9.908349999999992,181.44999999999982,true
FIRST_TRIANGLE_GOLD_EVIDENCE_XAUUSD_1751328000,228,XAUUSD,M15,55.0,62.5,30.0,BASE,200,97,102,48.5,2057.08,1.7779328288500893,10.2854,186.44999999999982,true
FIRST_TRIANGLE_GOLD_EVIDENCE_XAUUSD_1751328000,229,XAUUSD,M15,55.0,62.5,30.0,SPREAD_PLUS_25,200,97,102,48.5,2057.08,1.7779328288500893,10.2854,186.44999999999982,true
FIRST_TRIANGLE_GOLD_EVIDENCE_XAUUSD_1751328000,230,XAUUSD,M15,55.0,62.5,30.0,SPREAD_PLUS_50,200,97,102,48.5,2057.08,1.7779328288500893,10.2854,186.44999999999982,true
FIRST_TRIANGLE_GOLD_EVIDENCE_XAUUSD_1751328000,231,XAUUSD,M15,55.0,62.5,30.0,SLIPPAGE_BASE,200,97,102,48.5,2057.08,1.7779328288500893,10.2854,186.44999999999982,true
FIRST_TRIANGLE_GOLD_EVIDENCE_XAUUSD_1751328000,232,XAUUSD,M15,55.0,62.5,30.0,COMMISSION_PLUS_25,200,97,102,48.5,2057.08,1.7779328288500893,10.2854,186.44999999999982,true
FIRST_TRIANGLE_GOLD_EVIDENCE_XAUUSD_1751328000,233,XAUUSD,M15,55.0,62.5,30.0,COMBINED_STRESS,200,97,102,48.5,2057.08,1.7779328288500893,10.2854,186.44999999999982,true
FIRST_TRIANGLE_GOLD_EVIDENCE_XAUUSD_1751328000,234,XAUUSD,M15,55.0,62.5,32.5,BASE,200,97,102,48.5,2052.2199999999993,1.7760949063831886,10.261099999999997,191.44999999999982,true
FIRST_TRIANGLE_GOLD_EVIDENCE_XAUUSD_1751328000,235,XAUUSD,M15,55.0,62.5,32.5,SPREAD_PLUS_25,200,97,102,48.5,2052.2199999999993,1.7760949063831886,10.261099999999997,191.44999999999982,true
FIRST_TRIANGLE_GOLD_EVIDENCE_XAUUSD_1751328000,236,XAUUSD,M15,55.0,62.5,32.5,SPREAD_PLUS_50,200,97,102,48.5,2052.2199999999993,1.7760949063831886,10.261099999999997,191.44999999999982,true
FIRST_TRIANGLE_GOLD_EVIDENCE_XAUUSD_1751328000,237,XAUUSD,M15,55.0,62.5,32.5,SLIPPAGE_BASE,200,97,102,48.5,2052.2199999999993,1.7760949063831886,10.261099999999997,191.44999999999982,true
FIRST_TRIANGLE_GOLD_EVIDENCE_XAUUSD_1751328000,238,XAUUSD,M15,55.0,62.5,32.5,COMMISSION_PLUS_25,200,97,102,48.5,2052.2199999999993,1.7760949063831886,10.261099999999997,191.44999999999982,true
FIRST_TRIANGLE_GOLD_EVIDENCE_XAUUSD_1751328000,239,XAUUSD,M15,55.0,62.5,32.5,COMBINED_STRESS,200,97,102,48.5,2052.2199999999993,1.7760949063831886,10.261099999999997,191.44999999999982,true
FIRST_TRIANGLE_GOLD_EVIDENCE_XAUUSD_1751328000,240,XAUUSD,M15,55.0,62.5,35.0,BASE,200,98,101,49.0,2259.1100000000006,1.8655892348778322,11.295550000000002,196.44999999999982,true
FIRST_TRIANGLE_GOLD_EVIDENCE_XAUUSD_1751328000,241,XAUUSD,M15,55.0,62.5,35.0,SPREAD_PLUS_25,200,98,101,49.0,2259.1100000000006,1.8655892348778322,11.295550000000002,196.44999999999982,true
FIRST_TRIANGLE_GOLD_EVIDENCE_XAUUSD_1751328000,242,XAUUSD,M15,55.0,62.5,35.0,SPREAD_PLUS_50,200,98,101,49.0,2259.1100000000006,1.8655892348778322,11.295550000000002,196.44999999999982,true
FIRST_TRIANGLE_GOLD_EVIDENCE_XAUUSD_1751328000,243,XAUUSD,M15,55.0,62.5,35.0,SLIPPAGE_BASE,200,98,101,49.0,2259.1100000000006,1.8655892348778322,11.295550000000002,196.44999999999982,true
FIRST_TRIANGLE_GOLD_EVIDENCE_XAUUSD_1751328000,244,XAUUSD,M15,55.0,62.5,35.0,COMMISSION_PLUS_25,200,98,101,49.0,2259.1100000000006,1.8655892348778322,11.295550000000002,196.44999999999982,true
FIRST_TRIANGLE_GOLD_EVIDENCE_XAUUSD_1751328000,245,XAUUSD,M15,55.0,62.5,35.0,COMBINED_STRESS,200,98,101,49.0,2259.1100000000006,1.8655892348778322,11.295550000000002,196.44999999999982,true
FIRST_TRIANGLE_GOLD_EVIDENCE_XAUUSD_1751328000,246,XAUUSD,M15,55.0,62.5,37.5,BASE,200,98,101,49.0,2392.2799999999997,1.916613982857647,11.9614,201.44999999999982,true
FIRST_TRIANGLE_GOLD_EVIDENCE_XAUUSD_1751328000,247,XAUUSD,M15,55.0,62.5,37.5,SPREAD_PLUS_25,200,98,101,49.0,2392.2799999999997,1.916613982857647,11.9614,201.44999999999982,true
FIRST_TRIANGLE_GOLD_EVIDENCE_XAUUSD_1751328000,248,XAUUSD,M15,55.0,62.5,37.5,SPREAD_PLUS_50,200,98,101,49.0,2392.2799999999997,1.916613982857647,11.9614,201.44999999999982,true
FIRST_TRIANGLE_GOLD_EVIDENCE_XAUUSD_1751328000,249,XAUUSD,M15,55.0,62.5,37.5,SLIPPAGE_BASE,200,98,101,49.0,2392.2799999999997,1.916613982857647,11.9614,201.44999999999982,true
FIRST_TRIANGLE_GOLD_EVIDENCE_XAUUSD_1751328000,250,XAUUSD,M15,55.0,62.5,37.5,COMMISSION_PLUS_25,200,98,101,49.0,2392.2799999999997,1.916613982857647,11.9614,201.44999999999982,true
FIRST_TRIANGLE_GOLD_EVIDENCE_XAUUSD_1751328000,251,XAUUSD,M15,55.0,62.5,37.5,COMBINED_STRESS,200,98,101,49.0,2392.2799999999997,1.916613982857647,11.9614,201.44999999999982,true
FIRST_TRIANGLE_GOLD_EVIDENCE_XAUUSD_1751328000,252,XAUUSD,M15,57.5,57.5,22.5,BASE,204,100,103,49.01960784313726,2156.2899999999963,1.785321989700408,10.570049019607826,209.32999999999856,true
FIRST_TRIANGLE_GOLD_EVIDENCE_XAUUSD_1751328000,253,XAUUSD,M15,57.5,57.5,22.5,SPREAD_PLUS_25,204,100,103,49.01960784313726,2156.2899999999963,1.785321989700408,10.570049019607826,209.32999999999856,true
FIRST_TRIANGLE_GOLD_EVIDENCE_XAUUSD_1751328000,254,XAUUSD,M15,57.5,57.5,22.5,SPREAD_PLUS_50,204,100,103,49.01960784313726,2156.2899999999963,1.785321989700408,10.570049019607826,209.32999999999856,true
FIRST_TRIANGLE_GOLD_EVIDENCE_XAUUSD_1751328000,255,XAUUSD,M15,57.5,57.5,22.5,SLIPPAGE_BASE,204,100,103,49.01960784313726,2156.2899999999963,1.785321989700408,10.570049019607826,209.32999999999856,true
FIRST_TRIANGLE_GOLD_EVIDENCE_XAUUSD_1751328000,256,XAUUSD,M15,57.5,57.5,22.5,COMMISSION_PLUS_25,204,100,103,49.01960784313726,2156.2899999999963,1.785321989700408,10.570049019607826,209.32999999999856,true
FIRST_TRIANGLE_GOLD_EVIDENCE_XAUUSD_1751328000,257,XAUUSD,M15,57.5,57.5,22.5,COMBINED_STRESS,204,100,103,49.01960784313726,2156.2899999999963,1.785321989700408,10.570049019607826,209.32999999999856,true
FIRST_TRIANGLE_GOLD_EVIDENCE_XAUUSD_1751328000,258,XAUUSD,M15,57.5,57.5,25.0,BASE,204,102,101,50.0,2303.3599999999965,1.8577503863555949,11.290980392156845,186.44999999999982,true
FIRST_TRIANGLE_GOLD_EVIDENCE_XAUUSD_1751328000,259,XAUUSD,M15,57.5,57.5,25.0,SPREAD_PLUS_25,204,102,101,50.0,2303.3599999999965,1.8577503863555949,11.290980392156845,186.44999999999982,true
FIRST_TRIANGLE_GOLD_EVIDENCE_XAUUSD_1751328000,260,XAUUSD,M15,57.5,57.5,25.0,SPREAD_PLUS_50,204,102,101,50.0,2303.3599999999965,1.8577503863555949,11.290980392156845,186.44999999999982,true
FIRST_TRIANGLE_GOLD_EVIDENCE_XAUUSD_1751328000,261,XAUUSD,M15,57.5,57.5,25.0,SLIPPAGE_BASE,204,102,101,50.0,2303.3599999999965,1.8577503863555949,11.290980392156845,186.44999999999982,true
FIRST_TRIANGLE_GOLD_EVIDENCE_XAUUSD_1751328000,262,XAUUSD,M15,57.5,57.5,25.0,COMMISSION_PLUS_25,204,102,101,50.0,2303.3599999999965,1.8577503863555949,11.290980392156845,186.44999999999982,true
FIRST_TRIANGLE_GOLD_EVIDENCE_XAUUSD_1751328000,263,XAUUSD,M15,57.5,57.5,25.0,COMBINED_STRESS,204,102,101,50.0,2303.3599999999965,1.8577503863555949,11.290980392156845,186.44999999999982,true
FIRST_TRIANGLE_GOLD_EVIDENCE_XAUUSD_1751328000,264,XAUUSD,M15,57.5,57.5,27.5,BASE,204,102,101,50.0,2198.5099999999966,1.818705196715511,10.777009803921551,191.44999999999982,true
FIRST_TRIANGLE_GOLD_EVIDENCE_XAUUSD_1751328000,265,XAUUSD,M15,57.5,57.5,27.5,SPREAD_PLUS_25,204,102,101,50.0,2198.5099999999966,1.818705196715511,10.777009803921551,191.44999999999982,true
FIRST_TRIANGLE_GOLD_EVIDENCE_XAUUSD_1751328000,266,XAUUSD,M15,57.5,57.5,27.5,SPREAD_PLUS_50,204,102,101,50.0,2198.5099999999966,1.818705196715511,10.777009803921551,191.44999999999982,true
FIRST_TRIANGLE_GOLD_EVIDENCE_XAUUSD_1751328000,267,XAUUSD,M15,57.5,57.5,27.5,SLIPPAGE_BASE,204,102,101,50.0,2198.5099999999966,1.818705196715511,10.777009803921551,191.44999999999982,true
FIRST_TRIANGLE_GOLD_EVIDENCE_XAUUSD_1751328000,268,XAUUSD,M15,57.5,57.5,27.5,COMMISSION_PLUS_25,204,102,101,50.0,2198.5099999999966,1.818705196715511,10.777009803921551,191.44999999999982,true
FIRST_TRIANGLE_GOLD_EVIDENCE_XAUUSD_1751328000,269,XAUUSD,M15,57.5,57.5,27.5,COMBINED_STRESS,204,102,101,50.0,2198.5099999999966,1.818705196715511,10.777009803921551,191.44999999999982,true
FIRST_TRIANGLE_GOLD_EVIDENCE_XAUUSD_1751328000,270,XAUUSD,M15,57.5,57.5,30.0,BASE,204,102,101,50.0,2259.0199999999977,1.841238572253151,11.07362745098038,196.44999999999982,true
FIRST_TRIANGLE_GOLD_EVIDENCE_XAUUSD_1751328000,271,XAUUSD,M15,57.5,57.5,30.0,SPREAD_PLUS_25,204,102,101,50.0,2259.0199999999977,1.841238572253151,11.07362745098038,196.44999999999982,true
FIRST_TRIANGLE_GOLD_EVIDENCE_XAUUSD_1751328000,272,XAUUSD,M15,57.5,57.5,30.0,SPREAD_PLUS_50,204,102,101,50.0,2259.0199999999977,1.841238572253151,11.07362745098038,196.44999999999982,true
FIRST_TRIANGLE_GOLD_EVIDENCE_XAUUSD_1751328000,273,XAUUSD,M15,57.5,57.5,30.0,SLIPPAGE_BASE,204,102,101,50.0,2259.0199999999977,1.841238572253151,11.07362745098038,196.44999999999982,true
FIRST_TRIANGLE_GOLD_EVIDENCE_XAUUSD_1751328000,274,XAUUSD,M15,57.5,57.5,30.0,COMMISSION_PLUS_25,204,102,101,50.0,2259.0199999999977,1.841238572253151,11.07362745098038,196.44999999999982,true
FIRST_TRIANGLE_GOLD_EVIDENCE_XAUUSD_1751328000,275,XAUUSD,M15,57.5,57.5,30.0,COMBINED_STRESS,204,102,101,50.0,2259.0199999999977,1.841238572253151,11.07362745098038,196.44999999999982,true
FIRST_TRIANGLE_GOLD_EVIDENCE_XAUUSD_1751328000,276,XAUUSD,M15,57.5,57.5,32.5,BASE,204,102,101,50.0,2234.159999999997,1.831980933584076,10.951764705882338,201.44999999999982,true
FIRST_TRIANGLE_GOLD_EVIDENCE_XAUUSD_1751328000,277,XAUUSD,M15,57.5,57.5,32.5,SPREAD_PLUS_25,204,102,101,50.0,2234.159999999997,1.831980933584076,10.951764705882338,201.44999999999982,true
FIRST_TRIANGLE_GOLD_EVIDENCE_XAUUSD_1751328000,278,XAUUSD,M15,57.5,57.5,32.5,SPREAD_PLUS_50,204,102,101,50.0,2234.159999999997,1.831980933584076,10.951764705882338,201.44999999999982,true
FIRST_TRIANGLE_GOLD_EVIDENCE_XAUUSD_1751328000,279,XAUUSD,M15,57.5,57.5,32.5,SLIPPAGE_BASE,204,102,101,50.0,2234.159999999997,1.831980933584076,10.951764705882338,201.44999999999982,true
FIRST_TRIANGLE_GOLD_EVIDENCE_XAUUSD_1751328000,280,XAUUSD,M15,57.5,57.5,32.5,COMMISSION_PLUS_25,204,102,101,50.0,2234.159999999997,1.831980933584076,10.951764705882338,201.44999999999982,true
FIRST_TRIANGLE_GOLD_EVIDENCE_XAUUSD_1751328000,281,XAUUSD,M15,57.5,57.5,32.5,COMBINED_STRESS,204,102,101,50.0,2234.159999999997,1.831980933584076,10.951764705882338,201.44999999999982,true
FIRST_TRIANGLE_GOLD_EVIDENCE_XAUUSD_1751328000,282,XAUUSD,M15,57.5,57.5,35.0,BASE,204,103,100,50.490196078431374,2421.0499999999984,1.9132694824913143,11.867892156862737,206.44999999999982,true
FIRST_TRIANGLE_GOLD_EVIDENCE_XAUUSD_1751328000,283,XAUUSD,M15,57.5,57.5,35.0,SPREAD_PLUS_25,204,103,100,50.490196078431374,2421.0499999999984,1.9132694824913143,11.867892156862737,206.44999999999982,true
FIRST_TRIANGLE_GOLD_EVIDENCE_XAUUSD_1751328000,284,XAUUSD,M15,57.5,57.5,35.0,SPREAD_PLUS_50,204,103,100,50.490196078431374,2421.0499999999984,1.9132694824913143,11.867892156862737,206.44999999999982,true
FIRST_TRIANGLE_GOLD_EVIDENCE_XAUUSD_1751328000,285,XAUUSD,M15,57.5,57.5,35.0,SLIPPAGE_BASE,204,103,100,50.490196078431374,2421.0499999999984,1.9132694824913143,11.867892156862737,206.44999999999982,true
FIRST_TRIANGLE_GOLD_EVIDENCE_XAUUSD_1751328000,286,XAUUSD,M15,57.5,57.5,35.0,COMMISSION_PLUS_25,204,103,100,50.490196078431374,2421.0499999999984,1.9132694824913143,11.867892156862737,206.44999999999982,true
FIRST_TRIANGLE_GOLD_EVIDENCE_XAUUSD_1751328000,287,XAUUSD,M15,57.5,57.5,35.0,COMBINED_STRESS,204,103,100,50.490196078431374,2421.0499999999984,1.9132694824913143,11.867892156862737,206.44999999999982,true
FIRST_TRIANGLE_GOLD_EVIDENCE_XAUUSD_1751328000,288,XAUUSD,M15,57.5,57.5,37.5,BASE,204,103,100,50.490196078431374,2575.5899999999983,1.971565125218316,12.62544117647058,211.44999999999982,true
FIRST_TRIANGLE_GOLD_EVIDENCE_XAUUSD_1751328000,289,XAUUSD,M15,57.5,57.5,37.5,SPREAD_PLUS_25,204,103,100,50.490196078431374,2575.5899999999983,1.971565125218316,12.62544117647058,211.44999999999982,true
FIRST_TRIANGLE_GOLD_EVIDENCE_XAUUSD_1751328000,290,XAUUSD,M15,57.5,57.5,37.5,SPREAD_PLUS_50,204,103,100,50.490196078431374,2575.5899999999983,1.971565125218316,12.62544117647058,211.44999999999982,true
FIRST_TRIANGLE_GOLD_EVIDENCE_XAUUSD_1751328000,291,XAUUSD,M15,57.5,57.5,37.5,SLIPPAGE_BASE,204,103,100,50.490196078431374,2575.5899999999983,1.971565125218316,12.62544117647058,211.44999999999982,true
FIRST_TRIANGLE_GOLD_EVIDENCE_XAUUSD_1751328000,292,XAUUSD,M15,57.5,57.5,37.5,COMMISSION_PLUS_25,204,103,100,50.490196078431374,2575.5899999999983,1.971565125218316,12.62544117647058,211.44999999999982,true
FIRST_TRIANGLE_GOLD_EVIDENCE_XAUUSD_1751328000,293,XAUUSD,M15,57.5,57.5,37.5,COMBINED_STRESS,204,103,100,50.490196078431374,2575.5899999999983,1.971565125218316,12.62544117647058,211.44999999999982,true
FIRST_TRIANGLE_GOLD_EVIDENCE_XAUUSD_1751328000,294,XAUUSD,M15,57.5,60.0,22.5,BASE,204,100,103,49.01960784313726,2183.669999999996,1.79529380057835,10.704264705882332,209.32999999999856,true
FIRST_TRIANGLE_GOLD_EVIDENCE_XAUUSD_1751328000,295,XAUUSD,M15,57.5,60.0,22.5,SPREAD_PLUS_25,204,100,103,49.01960784313726,2183.669999999996,1.79529380057835,10.704264705882332,209.32999999999856,true
FIRST_TRIANGLE_GOLD_EVIDENCE_XAUUSD_1751328000,296,XAUUSD,M15,57.5,60.0,22.5,SPREAD_PLUS_50,204,100,103,49.01960784313726,2183.669999999996,1.79529380057835,10.704264705882332,209.32999999999856,true
FIRST_TRIANGLE_GOLD_EVIDENCE_XAUUSD_1751328000,297,XAUUSD,M15,57.5,60.0,22.5,SLIPPAGE_BASE,204,100,103,49.01960784313726,2183.669999999996,1.79529380057835,10.704264705882332,209.32999999999856,true
FIRST_TRIANGLE_GOLD_EVIDENCE_XAUUSD_1751328000,298,XAUUSD,M15,57.5,60.0,22.5,COMMISSION_PLUS_25,204,100,103,49.01960784313726,2183.669999999996,1.79529380057835,10.704264705882332,209.32999999999856,true
FIRST_TRIANGLE_GOLD_EVIDENCE_XAUUSD_1751328000,299,XAUUSD,M15,57.5,60.0,22.5,COMBINED_STRESS,204,100,103,49.01960784313726,2183.669999999996,1.79529380057835,10.704264705882332,209.32999999999856,true
FIRST_TRIANGLE_GOLD_EVIDENCE_XAUUSD_1751328000,300,XAUUSD,M15,57.5,60.0,25.0,BASE,204,102,101,50.0,2323.7499999999964,1.8653434375407294,11.390931372549002,186.44999999999982,true
FIRST_TRIANGLE_GOLD_EVIDENCE_XAUUSD_1751328000,301,XAUUSD,M15,57.5,60.0,25.0,SPREAD_PLUS_25,204,102,101,50.0,2323.7499999999964,1.8653434375407294,11.390931372549002,186.44999999999982,true
FIRST_TRIANGLE_GOLD_EVIDENCE_XAUUSD_1751328000,302,XAUUSD,M15,57.5,60.0,25.0,SPREAD_PLUS_50,204,102,101,50.0,2323.7499999999964,1.8653434375407294,11.390931372549002,186.44999999999982,true
FIRST_TRIANGLE_GOLD_EVIDENCE_XAUUSD_1751328000,303,XAUUSD,M15,57.5,60.0,25.0,SLIPPAGE_BASE,204,102,101,50.0,2323.7499999999964,1.8653434375407294,11.390931372549002,186.44999999999982,true
FIRST_TRIANGLE_GOLD_EVIDENCE_XAUUSD_1751328000,304,XAUUSD,M15,57.5,60.0,25.0,COMMISSION_PLUS_25,204,102,101,50.0,2323.7499999999964,1.8653434375407294,11.390931372549002,186.44999999999982,true
FIRST_TRIANGLE_GOLD_EVIDENCE_XAUUSD_1751328000,305,XAUUSD,M15,57.5,60.0,25.0,COMBINED_STRESS,204,102,101,50.0,2323.7499999999964,1.8653434375407294,11.390931372549002,186.44999999999982,true
FIRST_TRIANGLE_GOLD_EVIDENCE_XAUUSD_1751328000,306,XAUUSD,M15,57.5,60.0,27.5,BASE,204,102,101,50.0,2215.6499999999965,1.8250879773586308,10.861029411764688,191.44999999999982,true
FIRST_TRIANGLE_GOLD_EVIDENCE_XAUUSD_1751328000,307,XAUUSD,M15,57.5,60.0,27.5,SPREAD_PLUS_25,204,102,101,50.0,2215.6499999999965,1.8250879773586308,10.861029411764688,191.44999999999982,true
FIRST_TRIANGLE_GOLD_EVIDENCE_XAUUSD_1751328000,308,XAUUSD,M15,57.5,60.0,27.5,SPREAD_PLUS_50,204,102,101,50.0,2215.6499999999965,1.8250879773586308,10.861029411764688,191.44999999999982,true
FIRST_TRIANGLE_GOLD_EVIDENCE_XAUUSD_1751328000,309,XAUUSD,M15,57.5,60.0,27.5,SLIPPAGE_BASE,204,102,101,50.0,2215.6499999999965,1.8250879773586308,10.861029411764688,191.44999999999982,true
FIRST_TRIANGLE_GOLD_EVIDENCE_XAUUSD_1751328000,310,XAUUSD,M15,57.5,60.0,27.5,COMMISSION_PLUS_25,204,102,101,50.0,2215.6499999999965,1.8250879773586308,10.861029411764688,191.44999999999982,true
FIRST_TRIANGLE_GOLD_EVIDENCE_XAUUSD_1751328000,311,XAUUSD,M15,57.5,60.0,27.5,COMBINED_STRESS,204,102,101,50.0,2215.6499999999965,1.8250879773586308,10.861029411764688,191.44999999999982,true
FIRST_TRIANGLE_GOLD_EVIDENCE_XAUUSD_1751328000,312,XAUUSD,M15,57.5,60.0,30.0,BASE,204,102,101,50.0,2263.589999999998,1.8429403988306927,11.096029411764695,196.44999999999982,true
FIRST_TRIANGLE_GOLD_EVIDENCE_XAUUSD_1751328000,313,XAUUSD,M15,57.5,60.0,30.0,SPREAD_PLUS_25,204,102,101,50.0,2263.589999999998,1.8429403988306927,11.096029411764695,196.44999999999982,true
FIRST_TRIANGLE_GOLD_EVIDENCE_XAUUSD_1751328000,314,XAUUSD,M15,57.5,60.0,30.0,SPREAD_PLUS_50,204,102,101,50.0,2263.589999999998,1.8429403988306927,11.096029411764695,196.44999999999982,true
FIRST_TRIANGLE_GOLD_EVIDENCE_XAUUSD_1751328000,315,XAUUSD,M15,57.5,60.0,30.0,SLIPPAGE_BASE,204,102,101,50.0,2263.589999999998,1.8429403988306927,11.096029411764695,196.44999999999982,true
FIRST_TRIANGLE_GOLD_EVIDENCE_XAUUSD_1751328000,316,XAUUSD,M15,57.5,60.0,30.0,COMMISSION_PLUS_25,204,102,101,50.0,2263.589999999998,1.8429403988306927,11.096029411764695,196.44999999999982,true
FIRST_TRIANGLE_GOLD_EVIDENCE_XAUUSD_1751328000,317,XAUUSD,M15,57.5,60.0,30.0,COMBINED_STRESS,204,102,101,50.0,2263.589999999998,1.8429403988306927,11.096029411764695,196.44999999999982,true
FIRST_TRIANGLE_GOLD_EVIDENCE_XAUUSD_1751328000,318,XAUUSD,M15,57.5,60.0,32.5,BASE,204,102,101,50.0,2238.7299999999973,1.8336827601616177,10.974166666666653,201.44999999999982,true
FIRST_TRIANGLE_GOLD_EVIDENCE_XAUUSD_1751328000,319,XAUUSD,M15,57.5,60.0,32.5,SPREAD_PLUS_25,204,102,101,50.0,2238.7299999999973,1.8336827601616177,10.974166666666653,201.44999999999982,true
FIRST_TRIANGLE_GOLD_EVIDENCE_XAUUSD_1751328000,320,XAUUSD,M15,57.5,60.0,32.5,SPREAD_PLUS_50,204,102,101,50.0,2238.7299999999973,1.8336827601616177,10.974166666666653,201.44999999999982,true
FIRST_TRIANGLE_GOLD_EVIDENCE_XAUUSD_1751328000,321,XAUUSD,M15,57.5,60.0,32.5,SLIPPAGE_BASE,204,102,101,50.0,2238.7299999999973,1.8336827601616177,10.974166666666653,201.44999999999982,true
FIRST_TRIANGLE_GOLD_EVIDENCE_XAUUSD_1751328000,322,XAUUSD,M15,57.5,60.0,32.5,COMMISSION_PLUS_25,204,102,101,50.0,2238.7299999999973,1.8336827601616177,10.974166666666653,201.44999999999982,true
FIRST_TRIANGLE_GOLD_EVIDENCE_XAUUSD_1751328000,323,XAUUSD,M15,57.5,60.0,32.5,COMBINED_STRESS,204,102,101,50.0,2238.7299999999973,1.8336827601616177,10.974166666666653,201.44999999999982,true
FIRST_TRIANGLE_GOLD_EVIDENCE_XAUUSD_1751328000,324,XAUUSD,M15,57.5,60.0,35.0,BASE,204,103,100,50.490196078431374,2425.6199999999985,1.914993379781741,11.890294117647052,206.44999999999982,true
FIRST_TRIANGLE_GOLD_EVIDENCE_XAUUSD_1751328000,325,XAUUSD,M15,57.5,60.0,35.0,SPREAD_PLUS_25,204,103,100,50.490196078431374,2425.6199999999985,1.914993379781741,11.890294117647052,206.44999999999982,true
FIRST_TRIANGLE_GOLD_EVIDENCE_XAUUSD_1751328000,326,XAUUSD,M15,57.5,60.0,35.0,SPREAD_PLUS_50,204,103,100,50.490196078431374,2425.6199999999985,1.914993379781741,11.890294117647052,206.44999999999982,true
FIRST_TRIANGLE_GOLD_EVIDENCE_XAUUSD_1751328000,327,XAUUSD,M15,57.5,60.0,35.0,SLIPPAGE_BASE,204,103,100,50.490196078431374,2425.6199999999985,1.914993379781741,11.890294117647052,206.44999999999982,true
FIRST_TRIANGLE_GOLD_EVIDENCE_XAUUSD_1751328000,328,XAUUSD,M15,57.5,60.0,35.0,COMMISSION_PLUS_25,204,103,100,50.490196078431374,2425.6199999999985,1.914993379781741,11.890294117647052,206.44999999999982,true
FIRST_TRIANGLE_GOLD_EVIDENCE_XAUUSD_1751328000,329,XAUUSD,M15,57.5,60.0,35.0,COMBINED_STRESS,204,103,100,50.490196078431374,2425.6199999999985,1.914993379781741,11.890294117647052,206.44999999999982,true
FIRST_TRIANGLE_GOLD_EVIDENCE_XAUUSD_1751328000,330,XAUUSD,M15,57.5,60.0,37.5,BASE,204,103,100,50.490196078431374,2580.1599999999985,1.9732890225087423,12.647843137254895,211.44999999999982,true
FIRST_TRIANGLE_GOLD_EVIDENCE_XAUUSD_1751328000,331,XAUUSD,M15,57.5,60.0,37.5,SPREAD_PLUS_25,204,103,100,50.490196078431374,2580.1599999999985,1.9732890225087423,12.647843137254895,211.44999999999982,true
FIRST_TRIANGLE_GOLD_EVIDENCE_XAUUSD_1751328000,332,XAUUSD,M15,57.5,60.0,37.5,SPREAD_PLUS_50,204,103,100,50.490196078431374,2580.1599999999985,1.9732890225087423,12.647843137254895,211.44999999999982,true
FIRST_TRIANGLE_GOLD_EVIDENCE_XAUUSD_1751328000,333,XAUUSD,M15,57.5,60.0,37.5,SLIPPAGE_BASE,204,103,100,50.490196078431374,2580.1599999999985,1.9732890225087423,12.647843137254895,211.44999999999982,true
FIRST_TRIANGLE_GOLD_EVIDENCE_XAUUSD_1751328000,334,XAUUSD,M15,57.5,60.0,37.5,COMMISSION_PLUS_25,204,103,100,50.490196078431374,2580.1599999999985,1.9732890225087423,12.647843137254895,211.44999999999982,true
FIRST_TRIANGLE_GOLD_EVIDENCE_XAUUSD_1751328000,335,XAUUSD,M15,57.5,60.0,37.5,COMBINED_STRESS,204,103,100,50.490196078431374,2580.1599999999985,1.9732890225087423,12.647843137254895,211.44999999999982,true
FIRST_TRIANGLE_GOLD_EVIDENCE_XAUUSD_1751328000,336,XAUUSD,M15,57.5,62.5,22.5,BASE,200,95,104,47.5,1864.6899999999978,1.678148002676675,9.323449999999989,209.32999999999856,true
FIRST_TRIANGLE_GOLD_EVIDENCE_XAUUSD_1751328000,337,XAUUSD,M15,57.5,62.5,22.5,SPREAD_PLUS_25,200,95,104,47.5,1864.6899999999978,1.678148002676675,9.323449999999989,209.32999999999856,true
FIRST_TRIANGLE_GOLD_EVIDENCE_XAUUSD_1751328000,338,XAUUSD,M15,57.5,62.5,22.5,SPREAD_PLUS_50,200,95,104,47.5,1864.6899999999978,1.678148002676675,9.323449999999989,209.32999999999856,true
FIRST_TRIANGLE_GOLD_EVIDENCE_XAUUSD_1751328000,339,XAUUSD,M15,57.5,62.5,22.5,SLIPPAGE_BASE,200,95,104,47.5,1864.6899999999978,1.678148002676675,9.323449999999989,209.32999999999856,true
FIRST_TRIANGLE_GOLD_EVIDENCE_XAUUSD_1751328000,340,XAUUSD,M15,57.5,62.5,22.5,COMMISSION_PLUS_25,200,95,104,47.5,1864.6899999999978,1.678148002676675,9.323449999999989,209.32999999999856,true
FIRST_TRIANGLE_GOLD_EVIDENCE_XAUUSD_1751328000,341,XAUUSD,M15,57.5,62.5,22.5,COMBINED_STRESS,200,95,104,47.5,1864.6899999999978,1.678148002676675,9.323449999999989,209.32999999999856,true
FIRST_TRIANGLE_GOLD_EVIDENCE_XAUUSD_1751328000,342,XAUUSD,M15,57.5,62.5,25.0,BASE,200,97,102,48.5,2024.7699999999982,1.7529013233976254,10.12384999999999,186.44999999999982,true
FIRST_TRIANGLE_GOLD_EVIDENCE_XAUUSD_1751328000,343,XAUUSD,M15,57.5,62.5,25.0,SPREAD_PLUS_25,200,97,102,48.5,2024.7699999999982,1.7529013233976254,10.12384999999999,186.44999999999982,true
FIRST_TRIANGLE_GOLD_EVIDENCE_XAUUSD_1751328000,344,XAUUSD,M15,57.5,62.5,25.0,SPREAD_PLUS_50,200,97,102,48.5,2024.7699999999982,1.7529013233976254,10.12384999999999,186.44999999999982,true
FIRST_TRIANGLE_GOLD_EVIDENCE_XAUUSD_1751328000,345,XAUUSD,M15,57.5,62.5,25.0,SLIPPAGE_BASE,200,97,102,48.5,2024.7699999999982,1.7529013233976254,10.12384999999999,186.44999999999982,true
FIRST_TRIANGLE_GOLD_EVIDENCE_XAUUSD_1751328000,346,XAUUSD,M15,57.5,62.5,25.0,COMMISSION_PLUS_25,200,97,102,48.5,2024.7699999999982,1.7529013233976254,10.12384999999999,186.44999999999982,true
FIRST_TRIANGLE_GOLD_EVIDENCE_XAUUSD_1751328000,347,XAUUSD,M15,57.5,62.5,25.0,COMBINED_STRESS,200,97,102,48.5,2024.7699999999982,1.7529013233976254,10.12384999999999,186.44999999999982,true
FIRST_TRIANGLE_GOLD_EVIDENCE_XAUUSD_1751328000,348,XAUUSD,M15,57.5,62.5,27.5,BASE,200,97,102,48.5,1936.6699999999983,1.7201417474500704,9.683349999999992,191.44999999999982,true
FIRST_TRIANGLE_GOLD_EVIDENCE_XAUUSD_1751328000,349,XAUUSD,M15,57.5,62.5,27.5,SPREAD_PLUS_25,200,97,102,48.5,1936.6699999999983,1.7201417474500704,9.683349999999992,191.44999999999982,true
FIRST_TRIANGLE_GOLD_EVIDENCE_XAUUSD_1751328000,350,XAUUSD,M15,57.5,62.5,27.5,SPREAD_PLUS_50,200,97,102,48.5,1936.6699999999983,1.7201417474500704,9.683349999999992,191.44999999999982,true
FIRST_TRIANGLE_GOLD_EVIDENCE_XAUUSD_1751328000,351,XAUUSD,M15,57.5,62.5,27.5,SLIPPAGE_BASE,200,97,102,48.5,1936.6699999999983,1.7201417474500704,9.683349999999992,191.44999999999982,true
FIRST_TRIANGLE_GOLD_EVIDENCE_XAUUSD_1751328000,352,XAUUSD,M15,57.5,62.5,27.5,COMMISSION_PLUS_25,200,97,102,48.5,1936.6699999999983,1.7201417474500704,9.683349999999992,191.44999999999982,true
FIRST_TRIANGLE_GOLD_EVIDENCE_XAUUSD_1751328000,353,XAUUSD,M15,57.5,62.5,27.5,COMBINED_STRESS,200,97,102,48.5,1936.6699999999983,1.7201417474500704,9.683349999999992,191.44999999999982,true
FIRST_TRIANGLE_GOLD_EVIDENCE_XAUUSD_1751328000,354,XAUUSD,M15,57.5,62.5,30.0,BASE,200,97,102,48.5,2012.08,1.7481826058178933,10.0604,196.44999999999982,true
FIRST_TRIANGLE_GOLD_EVIDENCE_XAUUSD_1751328000,355,XAUUSD,M15,57.5,62.5,30.0,SPREAD_PLUS_25,200,97,102,48.5,2012.08,1.7481826058178933,10.0604,196.44999999999982,true
FIRST_TRIANGLE_GOLD_EVIDENCE_XAUUSD_1751328000,356,XAUUSD,M15,57.5,62.5,30.0,SPREAD_PLUS_50,200,97,102,48.5,2012.08,1.7481826058178933,10.0604,196.44999999999982,true
FIRST_TRIANGLE_GOLD_EVIDENCE_XAUUSD_1751328000,357,XAUUSD,M15,57.5,62.5,30.0,SLIPPAGE_BASE,200,97,102,48.5,2012.08,1.7481826058178933,10.0604,196.44999999999982,true
FIRST_TRIANGLE_GOLD_EVIDENCE_XAUUSD_1751328000,358,XAUUSD,M15,57.5,62.5,30.0,COMMISSION_PLUS_25,200,97,102,48.5,2012.08,1.7481826058178933,10.0604,196.44999999999982,true
FIRST_TRIANGLE_GOLD_EVIDENCE_XAUUSD_1751328000,359,XAUUSD,M15,57.5,62.5,30.0,COMBINED_STRESS,200,97,102,48.5,2012.08,1.7481826058178933,10.0604,196.44999999999982,true
FIRST_TRIANGLE_GOLD_EVIDENCE_XAUUSD_1751328000,360,XAUUSD,M15,57.5,62.5,32.5,BASE,200,97,102,48.5,2007.2199999999993,1.7463754373831017,10.036099999999998,201.44999999999982,true
FIRST_TRIANGLE_GOLD_EVIDENCE_XAUUSD_1751328000,361,XAUUSD,M15,57.5,62.5,32.5,SPREAD_PLUS_25,200,97,102,48.5,2007.2199999999993,1.7463754373831017,10.036099999999998,201.44999999999982,true
FIRST_TRIANGLE_GOLD_EVIDENCE_XAUUSD_1751328000,362,XAUUSD,M15,57.5,62.5,32.5,SPREAD_PLUS_50,200,97,102,48.5,2007.2199999999993,1.7463754373831017,10.036099999999998,201.44999999999982,true
FIRST_TRIANGLE_GOLD_EVIDENCE_XAUUSD_1751328000,363,XAUUSD,M15,57.5,62.5,32.5,SLIPPAGE_BASE,200,97,102,48.5,2007.2199999999993,1.7463754373831017,10.036099999999998,201.44999999999982,true
FIRST_TRIANGLE_GOLD_EVIDENCE_XAUUSD_1751328000,364,XAUUSD,M15,57.5,62.5,32.5,COMMISSION_PLUS_25,200,97,102,48.5,2007.2199999999993,1.7463754373831017,10.036099999999998,201.44999999999982,true
FIRST_TRIANGLE_GOLD_EVIDENCE_XAUUSD_1751328000,365,XAUUSD,M15,57.5,62.5,32.5,COMBINED_STRESS,200,97,102,48.5,2007.2199999999993,1.7463754373831017,10.036099999999998,201.44999999999982,true
FIRST_TRIANGLE_GOLD_EVIDENCE_XAUUSD_1751328000,366,XAUUSD,M15,57.5,62.5,35.0,BASE,200,98,101,49.0,2214.1100000000006,1.8339680064484307,11.070550000000003,206.44999999999982,true
FIRST_TRIANGLE_GOLD_EVIDENCE_XAUUSD_1751328000,367,XAUUSD,M15,57.5,62.5,35.0,SPREAD_PLUS_25,200,98,101,49.0,2214.1100000000006,1.8339680064484307,11.070550000000003,206.44999999999982,true
FIRST_TRIANGLE_GOLD_EVIDENCE_XAUUSD_1751328000,368,XAUUSD,M15,57.5,62.5,35.0,SPREAD_PLUS_50,200,98,101,49.0,2214.1100000000006,1.8339680064484307,11.070550000000003,206.44999999999982,true
FIRST_TRIANGLE_GOLD_EVIDENCE_XAUUSD_1751328000,369,XAUUSD,M15,57.5,62.5,35.0,SLIPPAGE_BASE,200,98,101,49.0,2214.1100000000006,1.8339680064484307,11.070550000000003,206.44999999999982,true
FIRST_TRIANGLE_GOLD_EVIDENCE_XAUUSD_1751328000,370,XAUUSD,M15,57.5,62.5,35.0,COMMISSION_PLUS_25,200,98,101,49.0,2214.1100000000006,1.8339680064484307,11.070550000000003,206.44999999999982,true
FIRST_TRIANGLE_GOLD_EVIDENCE_XAUUSD_1751328000,371,XAUUSD,M15,57.5,62.5,35.0,COMBINED_STRESS,200,98,101,49.0,2214.1100000000006,1.8339680064484307,11.070550000000003,206.44999999999982,true
FIRST_TRIANGLE_GOLD_EVIDENCE_XAUUSD_1751328000,372,XAUUSD,M15,57.5,62.5,37.5,BASE,200,98,101,49.0,2347.2799999999997,1.884127898874162,11.736399999999998,211.44999999999982,true
FIRST_TRIANGLE_GOLD_EVIDENCE_XAUUSD_1751328000,373,XAUUSD,M15,57.5,62.5,37.5,SPREAD_PLUS_25,200,98,101,49.0,2347.2799999999997,1.884127898874162,11.736399999999998,211.44999999999982,true
FIRST_TRIANGLE_GOLD_EVIDENCE_XAUUSD_1751328000,374,XAUUSD,M15,57.5,62.5,37.5,SPREAD_PLUS_50,200,98,101,49.0,2347.2799999999997,1.884127898874162,11.736399999999998,211.44999999999982,true
FIRST_TRIANGLE_GOLD_EVIDENCE_XAUUSD_1751328000,375,XAUUSD,M15,57.5,62.5,37.5,SLIPPAGE_BASE,200,98,101,49.0,2347.2799999999997,1.884127898874162,11.736399999999998,211.44999999999982,true
FIRST_TRIANGLE_GOLD_EVIDENCE_XAUUSD_1751328000,376,XAUUSD,M15,57.5,62.5,37.5,COMMISSION_PLUS_25,200,98,101,49.0,2347.2799999999997,1.884127898874162,11.736399999999998,211.44999999999982,true
FIRST_TRIANGLE_GOLD_EVIDENCE_XAUUSD_1751328000,377,XAUUSD,M15,57.5,62.5,37.5,COMBINED_STRESS,200,98,101,49.0,2347.2799999999997,1.884127898874162,11.736399999999998,211.44999999999982,true
