run_id,variant_id,sl,activation,distance,cost_scenario,net_points,profit_factor,expectancy,max_closed_trade_drawdown
FIRST_TRIANGLE_GOLD_EVIDENCE_XAUUSD_1751328000,0,52.5,57.5,22.5,BASE,1638.7799999999952,1.5773259070588348,7.994048780487781,251.21000000000004
FIRST_TRIANGLE_GOLD_EVIDENCE_XAUUSD_1751328000,1,52.5,57.5,22.5,SPREAD_PLUS_25,1638.7799999999952,1.5773259070588348,7.994048780487781,251.21000000000004
FIRST_TRIANGLE_GOLD_EVIDENCE_XAUUSD_1751328000,2,52.5,57.5,22.5,SPREAD_PLUS_50,1638.7799999999952,1.5773259070588348,7.994048780487781,251.21000000000004
FIRST_TRIANGLE_GOLD_EVIDENCE_XAUUSD_1751328000,3,52.5,57.5,22.5,SLIPPAGE_BASE,1638.7799999999952,1.5773259070588348,7.994048780487781,251.21000000000004
FIRST_TRIANGLE_GOLD_EVIDENCE_XAUUSD_1751328000,4,52.5,57.5,22.5,COMMISSION_PLUS_25,1638.7799999999952,1.5773259070588348,7.994048780487781,251.21000000000004
FIRST_TRIANGLE_GOLD_EVIDENCE_XAUUSD_1751328000,5,52.5,57.5,22.5,COMBINED_STRESS,1638.7799999999952,1.5773259070588348,7.994048780487781,251.21000000000004
FIRST_TRIANGLE_GOLD_EVIDENCE_XAUUSD_1751328000,6,52.5,57.5,25.0,BASE,1786.5299999999957,1.6430576852471752,8.714780487804857,256.21000000000004
FIRST_TRIANGLE_GOLD_EVIDENCE_XAUUSD_1751328000,7,52.5,57.5,25.0,SPREAD_PLUS_25,1786.5299999999957,1.6430576852471752,8.714780487804857,256.21000000000004
FIRST_TRIANGLE_GOLD_EVIDENCE_XAUUSD_1751328000,8,52.5,57.5,25.0,SPREAD_PLUS_50,1786.5299999999957,1.6430576852471752,8.714780487804857,256.21000000000004
FIRST_TRIANGLE_GOLD_EVIDENCE_XAUUSD_1751328000,9,52.5,57.5,25.0,SLIPPAGE_BASE,1786.5299999999957,1.6430576852471752,8.714780487804857,256.21000000000004
FIRST_TRIANGLE_GOLD_EVIDENCE_XAUUSD_1751328000,10,52.5,57.5,25.0,COMMISSION_PLUS_25,1786.5299999999957,1.6430576852471752,8.714780487804857,256.21000000000004
FIRST_TRIANGLE_GOLD_EVIDENCE_XAUUSD_1751328000,11,52.5,57.5,25.0,COMBINED_STRESS,1786.5299999999957,1.6430576852471752,8.714780487804857,256.21000000000004
FIRST_TRIANGLE_GOLD_EVIDENCE_XAUUSD_1751328000,12,52.5,57.5,27.5,BASE,1691.6799999999957,1.6089166288721382,8.252097560975589,261.21000000000004
FIRST_TRIANGLE_GOLD_EVIDENCE_XAUUSD_1751328000,13,52.5,57.5,27.5,SPREAD_PLUS_25,1691.6799999999957,1.6089166288721382,8.252097560975589,261.21000000000004
FIRST_TRIANGLE_GOLD_EVIDENCE_XAUUSD_1751328000,14,52.5,57.5,27.5,SPREAD_PLUS_50,1691.6799999999957,1.6089166288721382,8.252097560975589,261.21000000000004
FIRST_TRIANGLE_GOLD_EVIDENCE_XAUUSD_1751328000,15,52.5,57.5,27.5,SLIPPAGE_BASE,1691.6799999999957,1.6089166288721382,8.252097560975589,261.21000000000004
FIRST_TRIANGLE_GOLD_EVIDENCE_XAUUSD_1751328000,16,52.5,57.5,27.5,COMMISSION_PLUS_25,1691.6799999999957,1.6089166288721382,8.252097560975589,261.21000000000004
FIRST_TRIANGLE_GOLD_EVIDENCE_XAUUSD_1751328000,17,52.5,57.5,27.5,COMBINED_STRESS,1691.6799999999957,1.6089166288721382,8.252097560975589,261.21000000000004
FIRST_TRIANGLE_GOLD_EVIDENCE_XAUUSD_1751328000,18,52.5,57.5,30.0,BASE,1692.9099999999962,1.6093593647639814,8.25809756097559,266.21000000000004
FIRST_TRIANGLE_GOLD_EVIDENCE_XAUUSD_1751328000,19,52.5,57.5,30.0,SPREAD_PLUS_25,1692.9099999999962,1.6093593647639814,8.25809756097559,266.21000000000004
FIRST_TRIANGLE_GOLD_EVIDENCE_XAUUSD_1751328000,20,52.5,57.5,30.0,SPREAD_PLUS_50,1692.9099999999962,1.6093593647639814,8.25809756097559,266.21000000000004
FIRST_TRIANGLE_GOLD_EVIDENCE_XAUUSD_1751328000,21,52.5,57.5,30.0,SLIPPAGE_BASE,1692.9099999999962,1.6093593647639814,8.25809756097559,266.21000000000004
FIRST_TRIANGLE_GOLD_EVIDENCE_XAUUSD_1751328000,22,52.5,57.5,30.0,COMMISSION_PLUS_25,1692.9099999999962,1.6093593647639814,8.25809756097559,266.21000000000004
FIRST_TRIANGLE_GOLD_EVIDENCE_XAUUSD_1751328000,23,52.5,57.5,30.0,COMBINED_STRESS,1692.9099999999962,1.6093593647639814,8.25809756097559,266.21000000000004
FIRST_TRIANGLE_GOLD_EVIDENCE_XAUUSD_1751328000,24,52.5,57.5,32.5,BASE,1626.3299999999963,1.5853940349437394,7.933317073170714,271.21000000000004
FIRST_TRIANGLE_GOLD_EVIDENCE_XAUUSD_1751328000,25,52.5,57.5,32.5,SPREAD_PLUS_25,1626.3299999999963,1.5853940349437394,7.933317073170714,271.21000000000004
FIRST_TRIANGLE_GOLD_EVIDENCE_XAUUSD_1751328000,26,52.5,57.5,32.5,SPREAD_PLUS_50,1626.3299999999963,1.5853940349437394,7.933317073170714,271.21000000000004
FIRST_TRIANGLE_GOLD_EVIDENCE_XAUUSD_1751328000,27,52.5,57.5,32.5,SLIPPAGE_BASE,1626.3299999999963,1.5853940349437394,7.933317073170714,271.21000000000004
FIRST_TRIANGLE_GOLD_EVIDENCE_XAUUSD_1751328000,28,52.5,57.5,32.5,COMMISSION_PLUS_25,1626.3299999999963,1.5853940349437394,7.933317073170714,271.21000000000004
FIRST_TRIANGLE_GOLD_EVIDENCE_XAUUSD_1751328000,29,52.5,57.5,32.5,COMBINED_STRESS,1626.3299999999963,1.5853940349437394,7.933317073170714,271.21000000000004
FIRST_TRIANGLE_GOLD_EVIDENCE_XAUUSD_1751328000,30,52.5,57.5,35.0,BASE,1795.4999999999973,1.6543844303520658,8.75853658536584,276.21000000000004
FIRST_TRIANGLE_GOLD_EVIDENCE_XAUUSD_1751328000,31,52.5,57.5,35.0,SPREAD_PLUS_25,1795.4999999999973,1.6543844303520658,8.75853658536584,276.21000000000004
FIRST_TRIANGLE_GOLD_EVIDENCE_XAUUSD_1751328000,32,52.5,57.5,35.0,SPREAD_PLUS_50,1795.4999999999973,1.6543844303520658,8.75853658536584,276.21000000000004
FIRST_TRIANGLE_GOLD_EVIDENCE_XAUUSD_1751328000,33,52.5,57.5,35.0,SLIPPAGE_BASE,1795.4999999999973,1.6543844303520658,8.75853658536584,276.21000000000004
FIRST_TRIANGLE_GOLD_EVIDENCE_XAUUSD_1751328000,34,52.5,57.5,35.0,COMMISSION_PLUS_25,1795.4999999999973,1.6543844303520658,8.75853658536584,276.21000000000004
FIRST_TRIANGLE_GOLD_EVIDENCE_XAUUSD_1751328000,35,52.5,57.5,35.0,COMBINED_STRESS,1795.4999999999973,1.6543844303520658,8.75853658536584,276.21000000000004
FIRST_TRIANGLE_GOLD_EVIDENCE_XAUUSD_1751328000,36,52.5,57.5,37.5,BASE,1960.0399999999972,1.7143523580435882,9.561170731707303,281.21000000000004
FIRST_TRIANGLE_GOLD_EVIDENCE_XAUUSD_1751328000,37,52.5,57.5,37.5,SPREAD_PLUS_25,1960.0399999999972,1.7143523580435882,9.561170731707303,281.21000000000004
FIRST_TRIANGLE_GOLD_EVIDENCE_XAUUSD_1751328000,38,52.5,57.5,37.5,SPREAD_PLUS_50,1960.0399999999972,1.7143523580435882,9.561170731707303,281.21000000000004
FIRST_TRIANGLE_GOLD_EVIDENCE_XAUUSD_1751328000,39,52.5,57.5,37.5,SLIPPAGE_BASE,1960.0399999999972,1.7143523580435882,9.561170731707303,281.21000000000004
FIRST_TRIANGLE_GOLD_EVIDENCE_XAUUSD_1751328000,40,52.5,57.5,37.5,COMMISSION_PLUS_25,1960.0399999999972,1.7143523580435882,9.561170731707303,281.21000000000004
FIRST_TRIANGLE_GOLD_EVIDENCE_XAUUSD_1751328000,41,52.5,57.5,37.5,COMBINED_STRESS,1960.0399999999972,1.7143523580435882,9.561170731707303,281.21000000000004
FIRST_TRIANGLE_GOLD_EVIDENCE_XAUUSD_1751328000,42,52.5,60.0,22.5,BASE,1666.1599999999949,1.5869716089439385,8.127609756097536,251.21000000000004
FIRST_TRIANGLE_GOLD_EVIDENCE_XAUUSD_1751328000,43,52.5,60.0,22.5,SPREAD_PLUS_25,1666.1599999999949,1.5869716089439385,8.127609756097536,251.21000000000004
FIRST_TRIANGLE_GOLD_EVIDENCE_XAUUSD_1751328000,44,52.5,60.0,22.5,SPREAD_PLUS_50,1666.1599999999949,1.5869716089439385,8.127609756097536,251.21000000000004
FIRST_TRIANGLE_GOLD_EVIDENCE_XAUUSD_1751328000,45,52.5,60.0,22.5,SLIPPAGE_BASE,1666.1599999999949,1.5869716089439385,8.127609756097536,251.21000000000004
FIRST_TRIANGLE_GOLD_EVIDENCE_XAUUSD_1751328000,46,52.5,60.0,22.5,COMMISSION_PLUS_25,1666.1599999999949,1.5869716089439385,8.127609756097536,251.21000000000004
FIRST_TRIANGLE_GOLD_EVIDENCE_XAUUSD_1751328000,47,52.5,60.0,22.5,COMBINED_STRESS,1666.1599999999949,1.5869716089439385,8.127609756097536,251.21000000000004
FIRST_TRIANGLE_GOLD_EVIDENCE_XAUUSD_1751328000,48,52.5,60.0,25.0,BASE,1806.9199999999955,1.650397022511139,8.814243902439003,256.21000000000004
FIRST_TRIANGLE_GOLD_EVIDENCE_XAUUSD_1751328000,49,52.5,60.0,25.0,SPREAD_PLUS_25,1806.9199999999955,1.650397022511139,8.814243902439003,256.21000000000004
FIRST_TRIANGLE_GOLD_EVIDENCE_XAUUSD_1751328000,50,52.5,60.0,25.0,SPREAD_PLUS_50,1806.9199999999955,1.650397022511139,8.814243902439003,256.21000000000004
FIRST_TRIANGLE_GOLD_EVIDENCE_XAUUSD_1751328000,51,52.5,60.0,25.0,SLIPPAGE_BASE,1806.9199999999955,1.650397022511139,8.814243902439003,256.21000000000004
FIRST_TRIANGLE_GOLD_EVIDENCE_XAUUSD_1751328000,52,52.5,60.0,25.0,COMMISSION_PLUS_25,1806.9199999999955,1.650397022511139,8.814243902439003,256.21000000000004
FIRST_TRIANGLE_GOLD_EVIDENCE_XAUUSD_1751328000,53,52.5,60.0,25.0,COMBINED_STRESS,1806.9199999999955,1.650397022511139,8.814243902439003,256.21000000000004
FIRST_TRIANGLE_GOLD_EVIDENCE_XAUUSD_1751328000,54,52.5,60.0,27.5,BASE,1708.8199999999956,1.615086135527575,8.33570731707315,261.21000000000004
FIRST_TRIANGLE_GOLD_EVIDENCE_XAUUSD_1751328000,55,52.5,60.0,27.5,SPREAD_PLUS_25,1708.8199999999956,1.615086135527575,8.33570731707315,261.21000000000004
FIRST_TRIANGLE_GOLD_EVIDENCE_XAUUSD_1751328000,56,52.5,60.0,27.5,SPREAD_PLUS_50,1708.8199999999956,1.615086135527575,8.33570731707315,261.21000000000004
FIRST_TRIANGLE_GOLD_EVIDENCE_XAUUSD_1751328000,57,52.5,60.0,27.5,SLIPPAGE_BASE,1708.8199999999956,1.615086135527575,8.33570731707315,261.21000000000004
FIRST_TRIANGLE_GOLD_EVIDENCE_XAUUSD_1751328000,58,52.5,60.0,27.5,COMMISSION_PLUS_25,1708.8199999999956,1.615086135527575,8.33570731707315,261.21000000000004
FIRST_TRIANGLE_GOLD_EVIDENCE_XAUUSD_1751328000,59,52.5,60.0,27.5,COMBINED_STRESS,1708.8199999999956,1.615086135527575,8.33570731707315,261.21000000000004
FIRST_TRIANGLE_GOLD_EVIDENCE_XAUUSD_1751328000,60,52.5,60.0,30.0,BASE,1697.4799999999964,1.6110043265735114,8.28039024390242,266.21000000000004
FIRST_TRIANGLE_GOLD_EVIDENCE_XAUUSD_1751328000,61,52.5,60.0,30.0,SPREAD_PLUS_25,1697.4799999999964,1.6110043265735114,8.28039024390242,266.21000000000004
FIRST_TRIANGLE_GOLD_EVIDENCE_XAUUSD_1751328000,62,52.5,60.0,30.0,SPREAD_PLUS_50,1697.4799999999964,1.6110043265735114,8.28039024390242,266.21000000000004
FIRST_TRIANGLE_GOLD_EVIDENCE_XAUUSD_1751328000,63,52.5,60.0,30.0,SLIPPAGE_BASE,1697.4799999999964,1.6110043265735114,8.28039024390242,266.21000000000004
FIRST_TRIANGLE_GOLD_EVIDENCE_XAUUSD_1751328000,64,52.5,60.0,30.0,COMMISSION_PLUS_25,1697.4799999999964,1.6110043265735114,8.28039024390242,266.21000000000004
FIRST_TRIANGLE_GOLD_EVIDENCE_XAUUSD_1751328000,65,52.5,60.0,30.0,COMBINED_STRESS,1697.4799999999964,1.6110043265735114,8.28039024390242,266.21000000000004
FIRST_TRIANGLE_GOLD_EVIDENCE_XAUUSD_1751328000,66,52.5,60.0,32.5,BASE,1630.8999999999965,1.5870389967532694,7.955609756097544,271.21000000000004
FIRST_TRIANGLE_GOLD_EVIDENCE_XAUUSD_1751328000,67,52.5,60.0,32.5,SPREAD_PLUS_25,1630.8999999999965,1.5870389967532694,7.955609756097544,271.21000000000004
FIRST_TRIANGLE_GOLD_EVIDENCE_XAUUSD_1751328000,68,52.5,60.0,32.5,SPREAD_PLUS_50,1630.8999999999965,1.5870389967532694,7.955609756097544,271.21000000000004
FIRST_TRIANGLE_GOLD_EVIDENCE_XAUUSD_1751328000,69,52.5,60.0,32.5,SLIPPAGE_BASE,1630.8999999999965,1.5870389967532694,7.955609756097544,271.21000000000004
FIRST_TRIANGLE_GOLD_EVIDENCE_XAUUSD_1751328000,70,52.5,60.0,32.5,COMMISSION_PLUS_25,1630.8999999999965,1.5870389967532694,7.955609756097544,271.21000000000004
FIRST_TRIANGLE_GOLD_EVIDENCE_XAUUSD_1751328000,71,52.5,60.0,32.5,COMBINED_STRESS,1630.8999999999965,1.5870389967532694,7.955609756097544,271.21000000000004
FIRST_TRIANGLE_GOLD_EVIDENCE_XAUUSD_1751328000,72,52.5,60.0,35.0,BASE,1800.0699999999974,1.6560500036445798,8.78082926829267,276.21000000000004
FIRST_TRIANGLE_GOLD_EVIDENCE_XAUUSD_1751328000,73,52.5,60.0,35.0,SPREAD_PLUS_25,1800.0699999999974,1.6560500036445798,8.78082926829267,276.21000000000004
FIRST_TRIANGLE_GOLD_EVIDENCE_XAUUSD_1751328000,74,52.5,60.0,35.0,SPREAD_PLUS_50,1800.0699999999974,1.6560500036445798,8.78082926829267,276.21000000000004
FIRST_TRIANGLE_GOLD_EVIDENCE_XAUUSD_1751328000,75,52.5,60.0,35.0,SLIPPAGE_BASE,1800.0699999999974,1.6560500036445798,8.78082926829267,276.21000000000004
FIRST_TRIANGLE_GOLD_EVIDENCE_XAUUSD_1751328000,76,52.5,60.0,35.0,COMMISSION_PLUS_25,1800.0699999999974,1.6560500036445798,8.78082926829267,276.21000000000004
FIRST_TRIANGLE_GOLD_EVIDENCE_XAUUSD_1751328000,77,52.5,60.0,35.0,COMBINED_STRESS,1800.0699999999974,1.6560500036445798,8.78082926829267,276.21000000000004
FIRST_TRIANGLE_GOLD_EVIDENCE_XAUUSD_1751328000,78,52.5,60.0,37.5,BASE,1964.6099999999974,1.7160179313361028,9.583463414634133,281.21000000000004
FIRST_TRIANGLE_GOLD_EVIDENCE_XAUUSD_1751328000,79,52.5,60.0,37.5,SPREAD_PLUS_25,1964.6099999999974,1.7160179313361028,9.583463414634133,281.21000000000004
FIRST_TRIANGLE_GOLD_EVIDENCE_XAUUSD_1751328000,80,52.5,60.0,37.5,SPREAD_PLUS_50,1964.6099999999974,1.7160179313361028,9.583463414634133,281.21000000000004
FIRST_TRIANGLE_GOLD_EVIDENCE_XAUUSD_1751328000,81,52.5,60.0,37.5,SLIPPAGE_BASE,1964.6099999999974,1.7160179313361028,9.583463414634133,281.21000000000004
FIRST_TRIANGLE_GOLD_EVIDENCE_XAUUSD_1751328000,82,52.5,60.0,37.5,COMMISSION_PLUS_25,1964.6099999999974,1.7160179313361028,9.583463414634133,281.21000000000004
FIRST_TRIANGLE_GOLD_EVIDENCE_XAUUSD_1751328000,83,52.5,60.0,37.5,COMBINED_STRESS,1964.6099999999974,1.7160179313361028,9.583463414634133,281.21000000000004
FIRST_TRIANGLE_GOLD_EVIDENCE_XAUUSD_1751328000,84,52.5,62.5,22.5,BASE,1347.1799999999967,1.4739402851705,6.702388059701476,285.53999999999996
FIRST_TRIANGLE_GOLD_EVIDENCE_XAUUSD_1751328000,85,52.5,62.5,22.5,SPREAD_PLUS_25,1347.1799999999967,1.4739402851705,6.702388059701476,285.53999999999996
FIRST_TRIANGLE_GOLD_EVIDENCE_XAUUSD_1751328000,86,52.5,62.5,22.5,SPREAD_PLUS_50,1347.1799999999967,1.4739402851705,6.702388059701476,285.53999999999996
FIRST_TRIANGLE_GOLD_EVIDENCE_XAUUSD_1751328000,87,52.5,62.5,22.5,SLIPPAGE_BASE,1347.1799999999967,1.4739402851705,6.702388059701476,285.53999999999996
FIRST_TRIANGLE_GOLD_EVIDENCE_XAUUSD_1751328000,88,52.5,62.5,22.5,COMMISSION_PLUS_25,1347.1799999999967,1.4739402851705,6.702388059701476,285.53999999999996
FIRST_TRIANGLE_GOLD_EVIDENCE_XAUUSD_1751328000,89,52.5,62.5,22.5,COMBINED_STRESS,1347.1799999999967,1.4739402851705,6.702388059701476,285.53999999999996
FIRST_TRIANGLE_GOLD_EVIDENCE_XAUUSD_1751328000,90,52.5,62.5,25.0,BASE,1507.9399999999973,1.5420111282043905,7.5021890547263546,290.53999999999996
FIRST_TRIANGLE_GOLD_EVIDENCE_XAUUSD_1751328000,91,52.5,62.5,25.0,SPREAD_PLUS_25,1507.9399999999973,1.5420111282043905,7.5021890547263546,290.53999999999996
FIRST_TRIANGLE_GOLD_EVIDENCE_XAUUSD_1751328000,92,52.5,62.5,25.0,SPREAD_PLUS_50,1507.9399999999973,1.5420111282043905,7.5021890547263546,290.53999999999996
FIRST_TRIANGLE_GOLD_EVIDENCE_XAUUSD_1751328000,93,52.5,62.5,25.0,SLIPPAGE_BASE,1507.9399999999973,1.5420111282043905,7.5021890547263546,290.53999999999996
FIRST_TRIANGLE_GOLD_EVIDENCE_XAUUSD_1751328000,94,52.5,62.5,25.0,COMMISSION_PLUS_25,1507.9399999999973,1.5420111282043905,7.5021890547263546,290.53999999999996
FIRST_TRIANGLE_GOLD_EVIDENCE_XAUUSD_1751328000,95,52.5,62.5,25.0,COMBINED_STRESS,1507.9399999999973,1.5420111282043905,7.5021890547263546,290.53999999999996
FIRST_TRIANGLE_GOLD_EVIDENCE_XAUUSD_1751328000,96,52.5,62.5,27.5,BASE,1429.8399999999974,1.5139390105387254,7.113631840796007,295.53999999999996
FIRST_TRIANGLE_GOLD_EVIDENCE_XAUUSD_1751328000,97,52.5,62.5,27.5,SPREAD_PLUS_25,1429.8399999999974,1.5139390105387254,7.113631840796007,295.53999999999996
FIRST_TRIANGLE_GOLD_EVIDENCE_XAUUSD_1751328000,98,52.5,62.5,27.5,SPREAD_PLUS_50,1429.8399999999974,1.5139390105387254,7.113631840796007,295.53999999999996
FIRST_TRIANGLE_GOLD_EVIDENCE_XAUUSD_1751328000,99,52.5,62.5,27.5,SLIPPAGE_BASE,1429.8399999999974,1.5139390105387254,7.113631840796007,295.53999999999996
FIRST_TRIANGLE_GOLD_EVIDENCE_XAUUSD_1751328000,100,52.5,62.5,27.5,COMMISSION_PLUS_25,1429.8399999999974,1.5139390105387254,7.113631840796007,295.53999999999996
FIRST_TRIANGLE_GOLD_EVIDENCE_XAUUSD_1751328000,101,52.5,62.5,27.5,COMBINED_STRESS,1429.8399999999974,1.5139390105387254,7.113631840796007,295.53999999999996
FIRST_TRIANGLE_GOLD_EVIDENCE_XAUUSD_1751328000,102,52.5,62.5,30.0,BASE,1445.9699999999984,1.5197367475162824,7.1938805970149176,300.53999999999996
FIRST_TRIANGLE_GOLD_EVIDENCE_XAUUSD_1751328000,103,52.5,62.5,30.0,SPREAD_PLUS_25,1445.9699999999984,1.5197367475162824,7.1938805970149176,300.53999999999996
FIRST_TRIANGLE_GOLD_EVIDENCE_XAUUSD_1751328000,104,52.5,62.5,30.0,SPREAD_PLUS_50,1445.9699999999984,1.5197367475162824,7.1938805970149176,300.53999999999996
FIRST_TRIANGLE_GOLD_EVIDENCE_XAUUSD_1751328000,105,52.5,62.5,30.0,SLIPPAGE_BASE,1445.9699999999984,1.5197367475162824,7.1938805970149176,300.53999999999996
FIRST_TRIANGLE_GOLD_EVIDENCE_XAUUSD_1751328000,106,52.5,62.5,30.0,COMMISSION_PLUS_25,1445.9699999999984,1.5197367475162824,7.1938805970149176,300.53999999999996
FIRST_TRIANGLE_GOLD_EVIDENCE_XAUUSD_1751328000,107,52.5,62.5,30.0,COMBINED_STRESS,1445.9699999999984,1.5197367475162824,7.1938805970149176,300.53999999999996
FIRST_TRIANGLE_GOLD_EVIDENCE_XAUUSD_1751328000,108,52.5,62.5,32.5,BASE,1399.3899999999985,1.5029941195922534,6.96213930348258,305.53999999999996
FIRST_TRIANGLE_GOLD_EVIDENCE_XAUUSD_1751328000,109,52.5,62.5,32.5,SPREAD_PLUS_25,1399.3899999999985,1.5029941195922534,6.96213930348258,305.53999999999996
FIRST_TRIANGLE_GOLD_EVIDENCE_XAUUSD_1751328000,110,52.5,62.5,32.5,SPREAD_PLUS_50,1399.3899999999985,1.5029941195922534,6.96213930348258,305.53999999999996
FIRST_TRIANGLE_GOLD_EVIDENCE_XAUUSD_1751328000,111,52.5,62.5,32.5,SLIPPAGE_BASE,1399.3899999999985,1.5029941195922534,6.96213930348258,305.53999999999996
FIRST_TRIANGLE_GOLD_EVIDENCE_XAUUSD_1751328000,112,52.5,62.5,32.5,COMMISSION_PLUS_25,1399.3899999999985,1.5029941195922534,6.96213930348258,305.53999999999996
FIRST_TRIANGLE_GOLD_EVIDENCE_XAUUSD_1751328000,113,52.5,62.5,32.5,COMBINED_STRESS,1399.3899999999985,1.5029941195922534,6.96213930348258,305.53999999999996
FIRST_TRIANGLE_GOLD_EVIDENCE_XAUUSD_1751328000,114,52.5,62.5,35.0,BASE,1588.5599999999995,1.5781333022775081,7.90328358208955,310.53999999999996
FIRST_TRIANGLE_GOLD_EVIDENCE_XAUUSD_1751328000,115,52.5,62.5,35.0,SPREAD_PLUS_25,1588.5599999999995,1.5781333022775081,7.90328358208955,310.53999999999996
FIRST_TRIANGLE_GOLD_EVIDENCE_XAUUSD_1751328000,116,52.5,62.5,35.0,SPREAD_PLUS_50,1588.5599999999995,1.5781333022775081,7.90328358208955,310.53999999999996
FIRST_TRIANGLE_GOLD_EVIDENCE_XAUUSD_1751328000,117,52.5,62.5,35.0,SLIPPAGE_BASE,1588.5599999999995,1.5781333022775081,7.90328358208955,310.53999999999996
FIRST_TRIANGLE_GOLD_EVIDENCE_XAUUSD_1751328000,118,52.5,62.5,35.0,COMMISSION_PLUS_25,1588.5599999999995,1.5781333022775081,7.90328358208955,310.53999999999996
FIRST_TRIANGLE_GOLD_EVIDENCE_XAUUSD_1751328000,119,52.5,62.5,35.0,COMBINED_STRESS,1588.5599999999995,1.5781333022775081,7.90328358208955,310.53999999999996
FIRST_TRIANGLE_GOLD_EVIDENCE_XAUUSD_1751328000,120,52.5,62.5,37.5,BASE,1731.7299999999987,1.6302379409987846,8.615572139303476,315.53999999999996
FIRST_TRIANGLE_GOLD_EVIDENCE_XAUUSD_1751328000,121,52.5,62.5,37.5,SPREAD_PLUS_25,1731.7299999999987,1.6302379409987846,8.615572139303476,315.53999999999996
FIRST_TRIANGLE_GOLD_EVIDENCE_XAUUSD_1751328000,122,52.5,62.5,37.5,SPREAD_PLUS_50,1731.7299999999987,1.6302379409987846,8.615572139303476,315.53999999999996
FIRST_TRIANGLE_GOLD_EVIDENCE_XAUUSD_1751328000,123,52.5,62.5,37.5,SLIPPAGE_BASE,1731.7299999999987,1.6302379409987846,8.615572139303476,315.53999999999996
FIRST_TRIANGLE_GOLD_EVIDENCE_XAUUSD_1751328000,124,52.5,62.5,37.5,COMMISSION_PLUS_25,1731.7299999999987,1.6302379409987846,8.615572139303476,315.53999999999996
FIRST_TRIANGLE_GOLD_EVIDENCE_XAUUSD_1751328000,125,52.5,62.5,37.5,COMBINED_STRESS,1731.7299999999987,1.6302379409987846,8.615572139303476,315.53999999999996
FIRST_TRIANGLE_GOLD_EVIDENCE_XAUUSD_1751328000,126,55.0,57.5,22.5,BASE,2201.2899999999963,1.8150692032554034,10.790637254901943,206.82999999999856
FIRST_TRIANGLE_GOLD_EVIDENCE_XAUUSD_1751328000,127,55.0,57.5,22.5,SPREAD_PLUS_25,2201.2899999999963,1.8150692032554034,10.790637254901943,206.82999999999856
FIRST_TRIANGLE_GOLD_EVIDENCE_XAUUSD_1751328000,128,55.0,57.5,22.5,SPREAD_PLUS_50,2201.2899999999963,1.8150692032554034,10.790637254901943,206.82999999999856
FIRST_TRIANGLE_GOLD_EVIDENCE_XAUUSD_1751328000,129,55.0,57.5,22.5,SLIPPAGE_BASE,2201.2899999999963,1.8150692032554034,10.790637254901943,206.82999999999856
FIRST_TRIANGLE_GOLD_EVIDENCE_XAUUSD_1751328000,130,55.0,57.5,22.5,COMMISSION_PLUS_25,2201.2899999999963,1.8150692032554034,10.790637254901943,206.82999999999856
FIRST_TRIANGLE_GOLD_EVIDENCE_XAUUSD_1751328000,131,55.0,57.5,22.5,COMBINED_STRESS,2201.2899999999963,1.8150692032554034,10.790637254901943,206.82999999999856
FIRST_TRIANGLE_GOLD_EVIDENCE_XAUUSD_1751328000,132,55.0,57.5,25.0,BASE,2348.3599999999965,1.8894123885090979,11.511568627450963,176.44999999999982
FIRST_TRIANGLE_GOLD_EVIDENCE_XAUUSD_1751328000,133,55.0,57.5,25.0,SPREAD_PLUS_25,2348.3599999999965,1.8894123885090979,11.511568627450963,176.44999999999982
FIRST_TRIANGLE_GOLD_EVIDENCE_XAUUSD_1751328000,134,55.0,57.5,25.0,SPREAD_PLUS_50,2348.3599999999965,1.8894123885090979,11.511568627450963,176.44999999999982
FIRST_TRIANGLE_GOLD_EVIDENCE_XAUUSD_1751328000,135,55.0,57.5,25.0,SLIPPAGE_BASE,2348.3599999999965,1.8894123885090979,11.511568627450963,176.44999999999982
FIRST_TRIANGLE_GOLD_EVIDENCE_XAUUSD_1751328000,136,55.0,57.5,25.0,COMMISSION_PLUS_25,2348.3599999999965,1.8894123885090979,11.511568627450963,176.44999999999982
FIRST_TRIANGLE_GOLD_EVIDENCE_XAUUSD_1751328000,137,55.0,57.5,25.0,COMBINED_STRESS,2348.3599999999965,1.8894123885090979,11.511568627450963,176.44999999999982
FIRST_TRIANGLE_GOLD_EVIDENCE_XAUUSD_1751328000,138,55.0,57.5,27.5,BASE,2243.5099999999966,1.8497017440869574,10.997598039215669,181.44999999999982
FIRST_TRIANGLE_GOLD_EVIDENCE_XAUUSD_1751328000,139,55.0,57.5,27.5,SPREAD_PLUS_25,2243.5099999999966,1.8497017440869574,10.997598039215669,181.44999999999982
FIRST_TRIANGLE_GOLD_EVIDENCE_XAUUSD_1751328000,140,55.0,57.5,27.5,SPREAD_PLUS_50,2243.5099999999966,1.8497017440869574,10.997598039215669,181.44999999999982
FIRST_TRIANGLE_GOLD_EVIDENCE_XAUUSD_1751328000,141,55.0,57.5,27.5,SLIPPAGE_BASE,2243.5099999999966,1.8497017440869574,10.997598039215669,181.44999999999982
FIRST_TRIANGLE_GOLD_EVIDENCE_XAUUSD_1751328000,142,55.0,57.5,27.5,COMMISSION_PLUS_25,2243.5099999999966,1.8497017440869574,10.997598039215669,181.44999999999982
FIRST_TRIANGLE_GOLD_EVIDENCE_XAUUSD_1751328000,143,55.0,57.5,27.5,COMBINED_STRESS,2243.5099999999966,1.8497017440869574,10.997598039215669,181.44999999999982
FIRST_TRIANGLE_GOLD_EVIDENCE_XAUUSD_1751328000,144,55.0,57.5,30.0,BASE,2304.0199999999977,1.872619160338591,11.294215686274498,186.44999999999982
FIRST_TRIANGLE_GOLD_EVIDENCE_XAUUSD_1751328000,145,55.0,57.5,30.0,SPREAD_PLUS_25,2304.0199999999977,1.872619160338591,11.294215686274498,186.44999999999982
FIRST_TRIANGLE_GOLD_EVIDENCE_XAUUSD_1751328000,146,55.0,57.5,30.0,SPREAD_PLUS_50,2304.0199999999977,1.872619160338591,11.294215686274498,186.44999999999982
FIRST_TRIANGLE_GOLD_EVIDENCE_XAUUSD_1751328000,147,55.0,57.5,30.0,SLIPPAGE_BASE,2304.0199999999977,1.872619160338591,11.294215686274498,186.44999999999982
FIRST_TRIANGLE_GOLD_EVIDENCE_XAUUSD_1751328000,148,55.0,57.5,30.0,COMMISSION_PLUS_25,2304.0199999999977,1.872619160338591,11.294215686274498,186.44999999999982
FIRST_TRIANGLE_GOLD_EVIDENCE_XAUUSD_1751328000,149,55.0,57.5,30.0,COMBINED_STRESS,2304.0199999999977,1.872619160338591,11.294215686274498,186.44999999999982
FIRST_TRIANGLE_GOLD_EVIDENCE_XAUUSD_1751328000,150,55.0,57.5,32.5,BASE,2279.159999999997,1.8632037419281529,11.172352941176456,191.44999999999982
FIRST_TRIANGLE_GOLD_EVIDENCE_XAUUSD_1751328000,151,55.0,57.5,32.5,SPREAD_PLUS_25,2279.159999999997,1.8632037419281529,11.172352941176456,191.44999999999982
FIRST_TRIANGLE_GOLD_EVIDENCE_XAUUSD_1751328000,152,55.0,57.5,32.5,SPREAD_PLUS_50,2279.159999999997,1.8632037419281529,11.172352941176456,191.44999999999982
FIRST_TRIANGLE_GOLD_EVIDENCE_XAUUSD_1751328000,153,55.0,57.5,32.5,SLIPPAGE_BASE,2279.159999999997,1.8632037419281529,11.172352941176456,191.44999999999982
FIRST_TRIANGLE_GOLD_EVIDENCE_XAUUSD_1751328000,154,55.0,57.5,32.5,COMMISSION_PLUS_25,2279.159999999997,1.8632037419281529,11.172352941176456,191.44999999999982
FIRST_TRIANGLE_GOLD_EVIDENCE_XAUUSD_1751328000,155,55.0,57.5,32.5,COMBINED_STRESS,2279.159999999997,1.8632037419281529,11.172352941176456,191.44999999999982
FIRST_TRIANGLE_GOLD_EVIDENCE_XAUUSD_1751328000,156,55.0,57.5,35.0,BASE,2466.0499999999984,1.9463079007049198,12.088480392156855,196.44999999999982
FIRST_TRIANGLE_GOLD_EVIDENCE_XAUUSD_1751328000,157,55.0,57.5,35.0,SPREAD_PLUS_25,2466.0499999999984,1.9463079007049198,12.088480392156855,196.44999999999982
FIRST_TRIANGLE_GOLD_EVIDENCE_XAUUSD_1751328000,158,55.0,57.5,35.0,SPREAD_PLUS_50,2466.0499999999984,1.9463079007049198,12.088480392156855,196.44999999999982
FIRST_TRIANGLE_GOLD_EVIDENCE_XAUUSD_1751328000,159,55.0,57.5,35.0,SLIPPAGE_BASE,2466.0499999999984,1.9463079007049198,12.088480392156855,196.44999999999982
FIRST_TRIANGLE_GOLD_EVIDENCE_XAUUSD_1751328000,160,55.0,57.5,35.0,COMMISSION_PLUS_25,2466.0499999999984,1.9463079007049198,12.088480392156855,196.44999999999982
FIRST_TRIANGLE_GOLD_EVIDENCE_XAUUSD_1751328000,161,55.0,57.5,35.0,COMBINED_STRESS,2466.0499999999984,1.9463079007049198,12.088480392156855,196.44999999999982
FIRST_TRIANGLE_GOLD_EVIDENCE_XAUUSD_1751328000,162,55.0,57.5,37.5,BASE,2620.5899999999983,2.00561019505213,12.846029411764698,201.44999999999982
FIRST_TRIANGLE_GOLD_EVIDENCE_XAUUSD_1751328000,163,55.0,57.5,37.5,SPREAD_PLUS_25,2620.5899999999983,2.00561019505213,12.846029411764698,201.44999999999982
FIRST_TRIANGLE_GOLD_EVIDENCE_XAUUSD_1751328000,164,55.0,57.5,37.5,SPREAD_PLUS_50,2620.5899999999983,2.00561019505213,12.846029411764698,201.44999999999982
FIRST_TRIANGLE_GOLD_EVIDENCE_XAUUSD_1751328000,165,55.0,57.5,37.5,SLIPPAGE_BASE,2620.5899999999983,2.00561019505213,12.846029411764698,201.44999999999982
FIRST_TRIANGLE_GOLD_EVIDENCE_XAUUSD_1751328000,166,55.0,57.5,37.5,COMMISSION_PLUS_25,2620.5899999999983,2.00561019505213,12.846029411764698,201.44999999999982
FIRST_TRIANGLE_GOLD_EVIDENCE_XAUUSD_1751328000,167,55.0,57.5,37.5,COMBINED_STRESS,2620.5899999999983,2.00561019505213,12.846029411764698,201.44999999999982
FIRST_TRIANGLE_GOLD_EVIDENCE_XAUUSD_1751328000,168,55.0,60.0,22.5,BASE,2228.669999999996,1.8252071654435447,10.92485294117645,206.82999999999856
FIRST_TRIANGLE_GOLD_EVIDENCE_XAUUSD_1751328000,169,55.0,60.0,22.5,SPREAD_PLUS_25,2228.669999999996,1.8252071654435447,10.92485294117645,206.82999999999856
FIRST_TRIANGLE_GOLD_EVIDENCE_XAUUSD_1751328000,170,55.0,60.0,22.5,SPREAD_PLUS_50,2228.669999999996,1.8252071654435447,10.92485294117645,206.82999999999856
FIRST_TRIANGLE_GOLD_EVIDENCE_XAUUSD_1751328000,171,55.0,60.0,22.5,SLIPPAGE_BASE,2228.669999999996,1.8252071654435447,10.92485294117645,206.82999999999856
FIRST_TRIANGLE_GOLD_EVIDENCE_XAUUSD_1751328000,172,55.0,60.0,22.5,COMMISSION_PLUS_25,2228.669999999996,1.8252071654435447,10.92485294117645,206.82999999999856
FIRST_TRIANGLE_GOLD_EVIDENCE_XAUUSD_1751328000,173,55.0,60.0,22.5,COMBINED_STRESS,2228.669999999996,1.8252071654435447,10.92485294117645,206.82999999999856
FIRST_TRIANGLE_GOLD_EVIDENCE_XAUUSD_1751328000,174,55.0,60.0,25.0,BASE,2368.7499999999964,1.8971348495464608,11.61151960784312,176.44999999999982
FIRST_TRIANGLE_GOLD_EVIDENCE_XAUUSD_1751328000,175,55.0,60.0,25.0,SPREAD_PLUS_25,2368.7499999999964,1.8971348495464608,11.61151960784312,176.44999999999982
FIRST_TRIANGLE_GOLD_EVIDENCE_XAUUSD_1751328000,176,55.0,60.0,25.0,SPREAD_PLUS_50,2368.7499999999964,1.8971348495464608,11.61151960784312,176.44999999999982
FIRST_TRIANGLE_GOLD_EVIDENCE_XAUUSD_1751328000,177,55.0,60.0,25.0,SLIPPAGE_BASE,2368.7499999999964,1.8971348495464608,11.61151960784312,176.44999999999982
FIRST_TRIANGLE_GOLD_EVIDENCE_XAUUSD_1751328000,178,55.0,60.0,25.0,COMMISSION_PLUS_25,2368.7499999999964,1.8971348495464608,11.61151960784312,176.44999999999982
FIRST_TRIANGLE_GOLD_EVIDENCE_XAUUSD_1751328000,179,55.0,60.0,25.0,COMBINED_STRESS,2368.7499999999964,1.8971348495464608,11.61151960784312,176.44999999999982
FIRST_TRIANGLE_GOLD_EVIDENCE_XAUUSD_1751328000,180,55.0,60.0,27.5,BASE,2260.6499999999965,1.8561933077054176,11.081617647058806,181.44999999999982
FIRST_TRIANGLE_GOLD_EVIDENCE_XAUUSD_1751328000,181,55.0,60.0,27.5,SPREAD_PLUS_25,2260.6499999999965,1.8561933077054176,11.081617647058806,181.44999999999982
FIRST_TRIANGLE_GOLD_EVIDENCE_XAUUSD_1751328000,182,55.0,60.0,27.5,SPREAD_PLUS_50,2260.6499999999965,1.8561933077054176,11.081617647058806,181.44999999999982
FIRST_TRIANGLE_GOLD_EVIDENCE_XAUUSD_1751328000,183,55.0,60.0,27.5,SLIPPAGE_BASE,2260.6499999999965,1.8561933077054176,11.081617647058806,181.44999999999982
FIRST_TRIANGLE_GOLD_EVIDENCE_XAUUSD_1751328000,184,55.0,60.0,27.5,COMMISSION_PLUS_25,2260.6499999999965,1.8561933077054176,11.081617647058806,181.44999999999982
FIRST_TRIANGLE_GOLD_EVIDENCE_XAUUSD_1751328000,185,55.0,60.0,27.5,COMBINED_STRESS,2260.6499999999965,1.8561933077054176,11.081617647058806,181.44999999999982
FIRST_TRIANGLE_GOLD_EVIDENCE_XAUUSD_1751328000,186,55.0,60.0,30.0,BASE,2308.589999999998,1.8743499914784028,11.316617647058813,186.44999999999982
FIRST_TRIANGLE_GOLD_EVIDENCE_XAUUSD_1751328000,187,55.0,60.0,30.0,SPREAD_PLUS_25,2308.589999999998,1.8743499914784028,11.316617647058813,186.44999999999982
FIRST_TRIANGLE_GOLD_EVIDENCE_XAUUSD_1751328000,188,55.0,60.0,30.0,SPREAD_PLUS_50,2308.589999999998,1.8743499914784028,11.316617647058813,186.44999999999982
FIRST_TRIANGLE_GOLD_EVIDENCE_XAUUSD_1751328000,189,55.0,60.0,30.0,SLIPPAGE_BASE,2308.589999999998,1.8743499914784028,11.316617647058813,186.44999999999982
FIRST_TRIANGLE_GOLD_EVIDENCE_XAUUSD_1751328000,190,55.0,60.0,30.0,COMMISSION_PLUS_25,2308.589999999998,1.8743499914784028,11.316617647058813,186.44999999999982
FIRST_TRIANGLE_GOLD_EVIDENCE_XAUUSD_1751328000,191,55.0,60.0,30.0,COMBINED_STRESS,2308.589999999998,1.8743499914784028,11.316617647058813,186.44999999999982
FIRST_TRIANGLE_GOLD_EVIDENCE_XAUUSD_1751328000,192,55.0,60.0,32.5,BASE,2283.7299999999973,1.8649345730679645,11.19475490196077,191.44999999999982
FIRST_TRIANGLE_GOLD_EVIDENCE_XAUUSD_1751328000,193,55.0,60.0,32.5,SPREAD_PLUS_25,2283.7299999999973,1.8649345730679645,11.19475490196077,191.44999999999982
FIRST_TRIANGLE_GOLD_EVIDENCE_XAUUSD_1751328000,194,55.0,60.0,32.5,SPREAD_PLUS_50,2283.7299999999973,1.8649345730679645,11.19475490196077,191.44999999999982
FIRST_TRIANGLE_GOLD_EVIDENCE_XAUUSD_1751328000,195,55.0,60.0,32.5,SLIPPAGE_BASE,2283.7299999999973,1.8649345730679645,11.19475490196077,191.44999999999982
FIRST_TRIANGLE_GOLD_EVIDENCE_XAUUSD_1751328000,196,55.0,60.0,32.5,COMMISSION_PLUS_25,2283.7299999999973,1.8649345730679645,11.19475490196077,191.44999999999982
FIRST_TRIANGLE_GOLD_EVIDENCE_XAUUSD_1751328000,197,55.0,60.0,32.5,COMBINED_STRESS,2283.7299999999973,1.8649345730679645,11.19475490196077,191.44999999999982
FIRST_TRIANGLE_GOLD_EVIDENCE_XAUUSD_1751328000,198,55.0,60.0,35.0,BASE,2470.6199999999985,1.9480615663265508,12.11088235294117,196.44999999999982
FIRST_TRIANGLE_GOLD_EVIDENCE_XAUUSD_1751328000,199,55.0,60.0,35.0,SPREAD_PLUS_25,2470.6199999999985,1.9480615663265508,12.11088235294117,196.44999999999982
FIRST_TRIANGLE_GOLD_EVIDENCE_XAUUSD_1751328000,200,55.0,60.0,35.0,SPREAD_PLUS_50,2470.6199999999985,1.9480615663265508,12.11088235294117,196.44999999999982
FIRST_TRIANGLE_GOLD_EVIDENCE_XAUUSD_1751328000,201,55.0,60.0,35.0,SLIPPAGE_BASE,2470.6199999999985,1.9480615663265508,12.11088235294117,196.44999999999982
FIRST_TRIANGLE_GOLD_EVIDENCE_XAUUSD_1751328000,202,55.0,60.0,35.0,COMMISSION_PLUS_25,2470.6199999999985,1.9480615663265508,12.11088235294117,196.44999999999982
FIRST_TRIANGLE_GOLD_EVIDENCE_XAUUSD_1751328000,203,55.0,60.0,35.0,COMBINED_STRESS,2470.6199999999985,1.9480615663265508,12.11088235294117,196.44999999999982
FIRST_TRIANGLE_GOLD_EVIDENCE_XAUUSD_1751328000,204,55.0,60.0,37.5,BASE,2625.1599999999985,2.007363860673761,12.868431372549011,201.44999999999982
FIRST_TRIANGLE_GOLD_EVIDENCE_XAUUSD_1751328000,205,55.0,60.0,37.5,SPREAD_PLUS_25,2625.1599999999985,2.007363860673761,12.868431372549011,201.44999999999982
FIRST_TRIANGLE_GOLD_EVIDENCE_XAUUSD_1751328000,206,55.0,60.0,37.5,SPREAD_PLUS_50,2625.1599999999985,2.007363860673761,12.868431372549011,201.44999999999982
FIRST_TRIANGLE_GOLD_EVIDENCE_XAUUSD_1751328000,207,55.0,60.0,37.5,SLIPPAGE_BASE,2625.1599999999985,2.007363860673761,12.868431372549011,201.44999999999982
FIRST_TRIANGLE_GOLD_EVIDENCE_XAUUSD_1751328000,208,55.0,60.0,37.5,COMMISSION_PLUS_25,2625.1599999999985,2.007363860673761,12.868431372549011,201.44999999999982
FIRST_TRIANGLE_GOLD_EVIDENCE_XAUUSD_1751328000,209,55.0,60.0,37.5,COMBINED_STRESS,2625.1599999999985,2.007363860673761,12.868431372549011,201.44999999999982
FIRST_TRIANGLE_GOLD_EVIDENCE_XAUUSD_1751328000,210,55.0,62.5,22.5,BASE,1909.6899999999978,1.7060687401097356,9.548449999999988,206.82999999999856
FIRST_TRIANGLE_GOLD_EVIDENCE_XAUUSD_1751328000,211,55.0,62.5,22.5,SPREAD_PLUS_25,1909.6899999999978,1.7060687401097356,9.548449999999988,206.82999999999856
FIRST_TRIANGLE_GOLD_EVIDENCE_XAUUSD_1751328000,212,55.0,62.5,22.5,SPREAD_PLUS_50,1909.6899999999978,1.7060687401097356,9.548449999999988,206.82999999999856
FIRST_TRIANGLE_GOLD_EVIDENCE_XAUUSD_1751328000,213,55.0,62.5,22.5,SLIPPAGE_BASE,1909.6899999999978,1.7060687401097356,9.548449999999988,206.82999999999856
FIRST_TRIANGLE_GOLD_EVIDENCE_XAUUSD_1751328000,214,55.0,62.5,22.5,COMMISSION_PLUS_25,1909.6899999999978,1.7060687401097356,9.548449999999988,206.82999999999856
FIRST_TRIANGLE_GOLD_EVIDENCE_XAUUSD_1751328000,215,55.0,62.5,22.5,COMBINED_STRESS,1909.6899999999978,1.7060687401097356,9.548449999999988,206.82999999999856
FIRST_TRIANGLE_GOLD_EVIDENCE_XAUUSD_1751328000,216,55.0,62.5,25.0,BASE,2069.769999999998,1.7827318486247727,10.348849999999992,176.44999999999982
FIRST_TRIANGLE_GOLD_EVIDENCE_XAUUSD_1751328000,217,55.0,62.5,25.0,SPREAD_PLUS_25,2069.769999999998,1.7827318486247727,10.348849999999992,176.44999999999982
FIRST_TRIANGLE_GOLD_EVIDENCE_XAUUSD_1751328000,218,55.0,62.5,25.0,SPREAD_PLUS_50,2069.769999999998,1.7827318486247727,10.348849999999992,176.44999999999982
FIRST_TRIANGLE_GOLD_EVIDENCE_XAUUSD_1751328000,219,55.0,62.5,25.0,SLIPPAGE_BASE,2069.769999999998,1.7827318486247727,10.348849999999992,176.44999999999982
FIRST_TRIANGLE_GOLD_EVIDENCE_XAUUSD_1751328000,220,55.0,62.5,25.0,COMMISSION_PLUS_25,2069.769999999998,1.7827318486247727,10.348849999999992,176.44999999999982
FIRST_TRIANGLE_GOLD_EVIDENCE_XAUUSD_1751328000,221,55.0,62.5,25.0,COMBINED_STRESS,2069.769999999998,1.7827318486247727,10.348849999999992,176.44999999999982
FIRST_TRIANGLE_GOLD_EVIDENCE_XAUUSD_1751328000,222,55.0,62.5,27.5,BASE,1981.6699999999983,1.7494147767453645,9.908349999999992,181.44999999999982
FIRST_TRIANGLE_GOLD_EVIDENCE_XAUUSD_1751328000,223,55.0,62.5,27.5,SPREAD_PLUS_25,1981.6699999999983,1.7494147767453645,9.908349999999992,181.44999999999982
FIRST_TRIANGLE_GOLD_EVIDENCE_XAUUSD_1751328000,224,55.0,62.5,27.5,SPREAD_PLUS_50,1981.6699999999983,1.7494147767453645,9.908349999999992,181.44999999999982
FIRST_TRIANGLE_GOLD_EVIDENCE_XAUUSD_1751328000,225,55.0,62.5,27.5,SLIPPAGE_BASE,1981.6699999999983,1.7494147767453645,9.908349999999992,181.44999999999982
FIRST_TRIANGLE_GOLD_EVIDENCE_XAUUSD_1751328000,226,55.0,62.5,27.5,COMMISSION_PLUS_25,1981.6699999999983,1.7494147767453645,9.908349999999992,181.44999999999982
FIRST_TRIANGLE_GOLD_EVIDENCE_XAUUSD_1751328000,227,55.0,62.5,27.5,COMBINED_STRESS,1981.6699999999983,1.7494147767453645,9.908349999999992,181.44999999999982
FIRST_TRIANGLE_GOLD_EVIDENCE_XAUUSD_1751328000,228,55.0,62.5,30.0,BASE,2057.08,1.7779328288500893,10.2854,186.44999999999982
FIRST_TRIANGLE_GOLD_EVIDENCE_XAUUSD_1751328000,229,55.0,62.5,30.0,SPREAD_PLUS_25,2057.08,1.7779328288500893,10.2854,186.44999999999982
FIRST_TRIANGLE_GOLD_EVIDENCE_XAUUSD_1751328000,230,55.0,62.5,30.0,SPREAD_PLUS_50,2057.08,1.7779328288500893,10.2854,186.44999999999982
FIRST_TRIANGLE_GOLD_EVIDENCE_XAUUSD_1751328000,231,55.0,62.5,30.0,SLIPPAGE_BASE,2057.08,1.7779328288500893,10.2854,186.44999999999982
FIRST_TRIANGLE_GOLD_EVIDENCE_XAUUSD_1751328000,232,55.0,62.5,30.0,COMMISSION_PLUS_25,2057.08,1.7779328288500893,10.2854,186.44999999999982
FIRST_TRIANGLE_GOLD_EVIDENCE_XAUUSD_1751328000,233,55.0,62.5,30.0,COMBINED_STRESS,2057.08,1.7779328288500893,10.2854,186.44999999999982
FIRST_TRIANGLE_GOLD_EVIDENCE_XAUUSD_1751328000,234,55.0,62.5,32.5,BASE,2052.2199999999993,1.7760949063831886,10.261099999999997,191.44999999999982
FIRST_TRIANGLE_GOLD_EVIDENCE_XAUUSD_1751328000,235,55.0,62.5,32.5,SPREAD_PLUS_25,2052.2199999999993,1.7760949063831886,10.261099999999997,191.44999999999982
FIRST_TRIANGLE_GOLD_EVIDENCE_XAUUSD_1751328000,236,55.0,62.5,32.5,SPREAD_PLUS_50,2052.2199999999993,1.7760949063831886,10.261099999999997,191.44999999999982
FIRST_TRIANGLE_GOLD_EVIDENCE_XAUUSD_1751328000,237,55.0,62.5,32.5,SLIPPAGE_BASE,2052.2199999999993,1.7760949063831886,10.261099999999997,191.44999999999982
FIRST_TRIANGLE_GOLD_EVIDENCE_XAUUSD_1751328000,238,55.0,62.5,32.5,COMMISSION_PLUS_25,2052.2199999999993,1.7760949063831886,10.261099999999997,191.44999999999982
FIRST_TRIANGLE_GOLD_EVIDENCE_XAUUSD_1751328000,239,55.0,62.5,32.5,COMBINED_STRESS,2052.2199999999993,1.7760949063831886,10.261099999999997,191.44999999999982
FIRST_TRIANGLE_GOLD_EVIDENCE_XAUUSD_1751328000,240,55.0,62.5,35.0,BASE,2259.1100000000006,1.8655892348778322,11.295550000000002,196.44999999999982
FIRST_TRIANGLE_GOLD_EVIDENCE_XAUUSD_1751328000,241,55.0,62.5,35.0,SPREAD_PLUS_25,2259.1100000000006,1.8655892348778322,11.295550000000002,196.44999999999982
FIRST_TRIANGLE_GOLD_EVIDENCE_XAUUSD_1751328000,242,55.0,62.5,35.0,SPREAD_PLUS_50,2259.1100000000006,1.8655892348778322,11.295550000000002,196.44999999999982
FIRST_TRIANGLE_GOLD_EVIDENCE_XAUUSD_1751328000,243,55.0,62.5,35.0,SLIPPAGE_BASE,2259.1100000000006,1.8655892348778322,11.295550000000002,196.44999999999982
FIRST_TRIANGLE_GOLD_EVIDENCE_XAUUSD_1751328000,244,55.0,62.5,35.0,COMMISSION_PLUS_25,2259.1100000000006,1.8655892348778322,11.295550000000002,196.44999999999982
FIRST_TRIANGLE_GOLD_EVIDENCE_XAUUSD_1751328000,245,55.0,62.5,35.0,COMBINED_STRESS,2259.1100000000006,1.8655892348778322,11.295550000000002,196.44999999999982
FIRST_TRIANGLE_GOLD_EVIDENCE_XAUUSD_1751328000,246,55.0,62.5,37.5,BASE,2392.2799999999997,1.916613982857647,11.9614,201.44999999999982
FIRST_TRIANGLE_GOLD_EVIDENCE_XAUUSD_1751328000,247,55.0,62.5,37.5,SPREAD_PLUS_25,2392.2799999999997,1.916613982857647,11.9614,201.44999999999982
FIRST_TRIANGLE_GOLD_EVIDENCE_XAUUSD_1751328000,248,55.0,62.5,37.5,SPREAD_PLUS_50,2392.2799999999997,1.916613982857647,11.9614,201.44999999999982
FIRST_TRIANGLE_GOLD_EVIDENCE_XAUUSD_1751328000,249,55.0,62.5,37.5,SLIPPAGE_BASE,2392.2799999999997,1.916613982857647,11.9614,201.44999999999982
FIRST_TRIANGLE_GOLD_EVIDENCE_XAUUSD_1751328000,250,55.0,62.5,37.5,COMMISSION_PLUS_25,2392.2799999999997,1.916613982857647,11.9614,201.44999999999982
FIRST_TRIANGLE_GOLD_EVIDENCE_XAUUSD_1751328000,251,55.0,62.5,37.5,COMBINED_STRESS,2392.2799999999997,1.916613982857647,11.9614,201.44999999999982
FIRST_TRIANGLE_GOLD_EVIDENCE_XAUUSD_1751328000,252,57.5,57.5,22.5,BASE,2156.2899999999963,1.785321989700408,10.570049019607826,209.32999999999856
FIRST_TRIANGLE_GOLD_EVIDENCE_XAUUSD_1751328000,253,57.5,57.5,22.5,SPREAD_PLUS_25,2156.2899999999963,1.785321989700408,10.570049019607826,209.32999999999856
FIRST_TRIANGLE_GOLD_EVIDENCE_XAUUSD_1751328000,254,57.5,57.5,22.5,SPREAD_PLUS_50,2156.2899999999963,1.785321989700408,10.570049019607826,209.32999999999856
FIRST_TRIANGLE_GOLD_EVIDENCE_XAUUSD_1751328000,255,57.5,57.5,22.5,SLIPPAGE_BASE,2156.2899999999963,1.785321989700408,10.570049019607826,209.32999999999856
FIRST_TRIANGLE_GOLD_EVIDENCE_XAUUSD_1751328000,256,57.5,57.5,22.5,COMMISSION_PLUS_25,2156.2899999999963,1.785321989700408,10.570049019607826,209.32999999999856
FIRST_TRIANGLE_GOLD_EVIDENCE_XAUUSD_1751328000,257,57.5,57.5,22.5,COMBINED_STRESS,2156.2899999999963,1.785321989700408,10.570049019607826,209.32999999999856
FIRST_TRIANGLE_GOLD_EVIDENCE_XAUUSD_1751328000,258,57.5,57.5,25.0,BASE,2303.3599999999965,1.8577503863555949,11.290980392156845,186.44999999999982
FIRST_TRIANGLE_GOLD_EVIDENCE_XAUUSD_1751328000,259,57.5,57.5,25.0,SPREAD_PLUS_25,2303.3599999999965,1.8577503863555949,11.290980392156845,186.44999999999982
FIRST_TRIANGLE_GOLD_EVIDENCE_XAUUSD_1751328000,260,57.5,57.5,25.0,SPREAD_PLUS_50,2303.3599999999965,1.8577503863555949,11.290980392156845,186.44999999999982
FIRST_TRIANGLE_GOLD_EVIDENCE_XAUUSD_1751328000,261,57.5,57.5,25.0,SLIPPAGE_BASE,2303.3599999999965,1.8577503863555949,11.290980392156845,186.44999999999982
FIRST_TRIANGLE_GOLD_EVIDENCE_XAUUSD_1751328000,262,57.5,57.5,25.0,COMMISSION_PLUS_25,2303.3599999999965,1.8577503863555949,11.290980392156845,186.44999999999982
FIRST_TRIANGLE_GOLD_EVIDENCE_XAUUSD_1751328000,263,57.5,57.5,25.0,COMBINED_STRESS,2303.3599999999965,1.8577503863555949,11.290980392156845,186.44999999999982
FIRST_TRIANGLE_GOLD_EVIDENCE_XAUUSD_1751328000,264,57.5,57.5,27.5,BASE,2198.5099999999966,1.818705196715511,10.777009803921551,191.44999999999982
FIRST_TRIANGLE_GOLD_EVIDENCE_XAUUSD_1751328000,265,57.5,57.5,27.5,SPREAD_PLUS_25,2198.5099999999966,1.818705196715511,10.777009803921551,191.44999999999982
FIRST_TRIANGLE_GOLD_EVIDENCE_XAUUSD_1751328000,266,57.5,57.5,27.5,SPREAD_PLUS_50,2198.5099999999966,1.818705196715511,10.777009803921551,191.44999999999982
FIRST_TRIANGLE_GOLD_EVIDENCE_XAUUSD_1751328000,267,57.5,57.5,27.5,SLIPPAGE_BASE,2198.5099999999966,1.818705196715511,10.777009803921551,191.44999999999982
FIRST_TRIANGLE_GOLD_EVIDENCE_XAUUSD_1751328000,268,57.5,57.5,27.5,COMMISSION_PLUS_25,2198.5099999999966,1.818705196715511,10.777009803921551,191.44999999999982
FIRST_TRIANGLE_GOLD_EVIDENCE_XAUUSD_1751328000,269,57.5,57.5,27.5,COMBINED_STRESS,2198.5099999999966,1.818705196715511,10.777009803921551,191.44999999999982
FIRST_TRIANGLE_GOLD_EVIDENCE_XAUUSD_1751328000,270,57.5,57.5,30.0,BASE,2259.0199999999977,1.841238572253151,11.07362745098038,196.44999999999982
FIRST_TRIANGLE_GOLD_EVIDENCE_XAUUSD_1751328000,271,57.5,57.5,30.0,SPREAD_PLUS_25,2259.0199999999977,1.841238572253151,11.07362745098038,196.44999999999982
FIRST_TRIANGLE_GOLD_EVIDENCE_XAUUSD_1751328000,272,57.5,57.5,30.0,SPREAD_PLUS_50,2259.0199999999977,1.841238572253151,11.07362745098038,196.44999999999982
FIRST_TRIANGLE_GOLD_EVIDENCE_XAUUSD_1751328000,273,57.5,57.5,30.0,SLIPPAGE_BASE,2259.0199999999977,1.841238572253151,11.07362745098038,196.44999999999982
FIRST_TRIANGLE_GOLD_EVIDENCE_XAUUSD_1751328000,274,57.5,57.5,30.0,COMMISSION_PLUS_25,2259.0199999999977,1.841238572253151,11.07362745098038,196.44999999999982
FIRST_TRIANGLE_GOLD_EVIDENCE_XAUUSD_1751328000,275,57.5,57.5,30.0,COMBINED_STRESS,2259.0199999999977,1.841238572253151,11.07362745098038,196.44999999999982
FIRST_TRIANGLE_GOLD_EVIDENCE_XAUUSD_1751328000,276,57.5,57.5,32.5,BASE,2234.159999999997,1.831980933584076,10.951764705882338,201.44999999999982
FIRST_TRIANGLE_GOLD_EVIDENCE_XAUUSD_1751328000,277,57.5,57.5,32.5,SPREAD_PLUS_25,2234.159999999997,1.831980933584076,10.951764705882338,201.44999999999982
FIRST_TRIANGLE_GOLD_EVIDENCE_XAUUSD_1751328000,278,57.5,57.5,32.5,SPREAD_PLUS_50,2234.159999999997,1.831980933584076,10.951764705882338,201.44999999999982
FIRST_TRIANGLE_GOLD_EVIDENCE_XAUUSD_1751328000,279,57.5,57.5,32.5,SLIPPAGE_BASE,2234.159999999997,1.831980933584076,10.951764705882338,201.44999999999982
FIRST_TRIANGLE_GOLD_EVIDENCE_XAUUSD_1751328000,280,57.5,57.5,32.5,COMMISSION_PLUS_25,2234.159999999997,1.831980933584076,10.951764705882338,201.44999999999982
FIRST_TRIANGLE_GOLD_EVIDENCE_XAUUSD_1751328000,281,57.5,57.5,32.5,COMBINED_STRESS,2234.159999999997,1.831980933584076,10.951764705882338,201.44999999999982
FIRST_TRIANGLE_GOLD_EVIDENCE_XAUUSD_1751328000,282,57.5,57.5,35.0,BASE,2421.0499999999984,1.9132694824913143,11.867892156862737,206.44999999999982
FIRST_TRIANGLE_GOLD_EVIDENCE_XAUUSD_1751328000,283,57.5,57.5,35.0,SPREAD_PLUS_25,2421.0499999999984,1.9132694824913143,11.867892156862737,206.44999999999982
FIRST_TRIANGLE_GOLD_EVIDENCE_XAUUSD_1751328000,284,57.5,57.5,35.0,SPREAD_PLUS_50,2421.0499999999984,1.9132694824913143,11.867892156862737,206.44999999999982
FIRST_TRIANGLE_GOLD_EVIDENCE_XAUUSD_1751328000,285,57.5,57.5,35.0,SLIPPAGE_BASE,2421.0499999999984,1.9132694824913143,11.867892156862737,206.44999999999982
FIRST_TRIANGLE_GOLD_EVIDENCE_XAUUSD_1751328000,286,57.5,57.5,35.0,COMMISSION_PLUS_25,2421.0499999999984,1.9132694824913143,11.867892156862737,206.44999999999982
FIRST_TRIANGLE_GOLD_EVIDENCE_XAUUSD_1751328000,287,57.5,57.5,35.0,COMBINED_STRESS,2421.0499999999984,1.9132694824913143,11.867892156862737,206.44999999999982
FIRST_TRIANGLE_GOLD_EVIDENCE_XAUUSD_1751328000,288,57.5,57.5,37.5,BASE,2575.5899999999983,1.971565125218316,12.62544117647058,211.44999999999982
FIRST_TRIANGLE_GOLD_EVIDENCE_XAUUSD_1751328000,289,57.5,57.5,37.5,SPREAD_PLUS_25,2575.5899999999983,1.971565125218316,12.62544117647058,211.44999999999982
FIRST_TRIANGLE_GOLD_EVIDENCE_XAUUSD_1751328000,290,57.5,57.5,37.5,SPREAD_PLUS_50,2575.5899999999983,1.971565125218316,12.62544117647058,211.44999999999982
FIRST_TRIANGLE_GOLD_EVIDENCE_XAUUSD_1751328000,291,57.5,57.5,37.5,SLIPPAGE_BASE,2575.5899999999983,1.971565125218316,12.62544117647058,211.44999999999982
FIRST_TRIANGLE_GOLD_EVIDENCE_XAUUSD_1751328000,292,57.5,57.5,37.5,COMMISSION_PLUS_25,2575.5899999999983,1.971565125218316,12.62544117647058,211.44999999999982
FIRST_TRIANGLE_GOLD_EVIDENCE_XAUUSD_1751328000,293,57.5,57.5,37.5,COMBINED_STRESS,2575.5899999999983,1.971565125218316,12.62544117647058,211.44999999999982
FIRST_TRIANGLE_GOLD_EVIDENCE_XAUUSD_1751328000,294,57.5,60.0,22.5,BASE,2183.669999999996,1.79529380057835,10.704264705882332,209.32999999999856
FIRST_TRIANGLE_GOLD_EVIDENCE_XAUUSD_1751328000,295,57.5,60.0,22.5,SPREAD_PLUS_25,2183.669999999996,1.79529380057835,10.704264705882332,209.32999999999856
FIRST_TRIANGLE_GOLD_EVIDENCE_XAUUSD_1751328000,296,57.5,60.0,22.5,SPREAD_PLUS_50,2183.669999999996,1.79529380057835,10.704264705882332,209.32999999999856
FIRST_TRIANGLE_GOLD_EVIDENCE_XAUUSD_1751328000,297,57.5,60.0,22.5,SLIPPAGE_BASE,2183.669999999996,1.79529380057835,10.704264705882332,209.32999999999856
FIRST_TRIANGLE_GOLD_EVIDENCE_XAUUSD_1751328000,298,57.5,60.0,22.5,COMMISSION_PLUS_25,2183.669999999996,1.79529380057835,10.704264705882332,209.32999999999856
FIRST_TRIANGLE_GOLD_EVIDENCE_XAUUSD_1751328000,299,57.5,60.0,22.5,COMBINED_STRESS,2183.669999999996,1.79529380057835,10.704264705882332,209.32999999999856
FIRST_TRIANGLE_GOLD_EVIDENCE_XAUUSD_1751328000,300,57.5,60.0,25.0,BASE,2323.7499999999964,1.8653434375407294,11.390931372549002,186.44999999999982
FIRST_TRIANGLE_GOLD_EVIDENCE_XAUUSD_1751328000,301,57.5,60.0,25.0,SPREAD_PLUS_25,2323.7499999999964,1.8653434375407294,11.390931372549002,186.44999999999982
FIRST_TRIANGLE_GOLD_EVIDENCE_XAUUSD_1751328000,302,57.5,60.0,25.0,SPREAD_PLUS_50,2323.7499999999964,1.8653434375407294,11.390931372549002,186.44999999999982
FIRST_TRIANGLE_GOLD_EVIDENCE_XAUUSD_1751328000,303,57.5,60.0,25.0,SLIPPAGE_BASE,2323.7499999999964,1.8653434375407294,11.390931372549002,186.44999999999982
FIRST_TRIANGLE_GOLD_EVIDENCE_XAUUSD_1751328000,304,57.5,60.0,25.0,COMMISSION_PLUS_25,2323.7499999999964,1.8653434375407294,11.390931372549002,186.44999999999982
FIRST_TRIANGLE_GOLD_EVIDENCE_XAUUSD_1751328000,305,57.5,60.0,25.0,COMBINED_STRESS,2323.7499999999964,1.8653434375407294,11.390931372549002,186.44999999999982
FIRST_TRIANGLE_GOLD_EVIDENCE_XAUUSD_1751328000,306,57.5,60.0,27.5,BASE,2215.6499999999965,1.8250879773586308,10.861029411764688,191.44999999999982
FIRST_TRIANGLE_GOLD_EVIDENCE_XAUUSD_1751328000,307,57.5,60.0,27.5,SPREAD_PLUS_25,2215.6499999999965,1.8250879773586308,10.861029411764688,191.44999999999982
FIRST_TRIANGLE_GOLD_EVIDENCE_XAUUSD_1751328000,308,57.5,60.0,27.5,SPREAD_PLUS_50,2215.6499999999965,1.8250879773586308,10.861029411764688,191.44999999999982
FIRST_TRIANGLE_GOLD_EVIDENCE_XAUUSD_1751328000,309,57.5,60.0,27.5,SLIPPAGE_BASE,2215.6499999999965,1.8250879773586308,10.861029411764688,191.44999999999982
FIRST_TRIANGLE_GOLD_EVIDENCE_XAUUSD_1751328000,310,57.5,60.0,27.5,COMMISSION_PLUS_25,2215.6499999999965,1.8250879773586308,10.861029411764688,191.44999999999982
FIRST_TRIANGLE_GOLD_EVIDENCE_XAUUSD_1751328000,311,57.5,60.0,27.5,COMBINED_STRESS,2215.6499999999965,1.8250879773586308,10.861029411764688,191.44999999999982
FIRST_TRIANGLE_GOLD_EVIDENCE_XAUUSD_1751328000,312,57.5,60.0,30.0,BASE,2263.589999999998,1.8429403988306927,11.096029411764695,196.44999999999982
FIRST_TRIANGLE_GOLD_EVIDENCE_XAUUSD_1751328000,313,57.5,60.0,30.0,SPREAD_PLUS_25,2263.589999999998,1.8429403988306927,11.096029411764695,196.44999999999982
FIRST_TRIANGLE_GOLD_EVIDENCE_XAUUSD_1751328000,314,57.5,60.0,30.0,SPREAD_PLUS_50,2263.589999999998,1.8429403988306927,11.096029411764695,196.44999999999982
FIRST_TRIANGLE_GOLD_EVIDENCE_XAUUSD_1751328000,315,57.5,60.0,30.0,SLIPPAGE_BASE,2263.589999999998,1.8429403988306927,11.096029411764695,196.44999999999982
FIRST_TRIANGLE_GOLD_EVIDENCE_XAUUSD_1751328000,316,57.5,60.0,30.0,COMMISSION_PLUS_25,2263.589999999998,1.8429403988306927,11.096029411764695,196.44999999999982
FIRST_TRIANGLE_GOLD_EVIDENCE_XAUUSD_1751328000,317,57.5,60.0,30.0,COMBINED_STRESS,2263.589999999998,1.8429403988306927,11.096029411764695,196.44999999999982
FIRST_TRIANGLE_GOLD_EVIDENCE_XAUUSD_1751328000,318,57.5,60.0,32.5,BASE,2238.7299999999973,1.8336827601616177,10.974166666666653,201.44999999999982
FIRST_TRIANGLE_GOLD_EVIDENCE_XAUUSD_1751328000,319,57.5,60.0,32.5,SPREAD_PLUS_25,2238.7299999999973,1.8336827601616177,10.974166666666653,201.44999999999982
FIRST_TRIANGLE_GOLD_EVIDENCE_XAUUSD_1751328000,320,57.5,60.0,32.5,SPREAD_PLUS_50,2238.7299999999973,1.8336827601616177,10.974166666666653,201.44999999999982
FIRST_TRIANGLE_GOLD_EVIDENCE_XAUUSD_1751328000,321,57.5,60.0,32.5,SLIPPAGE_BASE,2238.7299999999973,1.8336827601616177,10.974166666666653,201.44999999999982
FIRST_TRIANGLE_GOLD_EVIDENCE_XAUUSD_1751328000,322,57.5,60.0,32.5,COMMISSION_PLUS_25,2238.7299999999973,1.8336827601616177,10.974166666666653,201.44999999999982
FIRST_TRIANGLE_GOLD_EVIDENCE_XAUUSD_1751328000,323,57.5,60.0,32.5,COMBINED_STRESS,2238.7299999999973,1.8336827601616177,10.974166666666653,201.44999999999982
FIRST_TRIANGLE_GOLD_EVIDENCE_XAUUSD_1751328000,324,57.5,60.0,35.0,BASE,2425.6199999999985,1.914993379781741,11.890294117647052,206.44999999999982
FIRST_TRIANGLE_GOLD_EVIDENCE_XAUUSD_1751328000,325,57.5,60.0,35.0,SPREAD_PLUS_25,2425.6199999999985,1.914993379781741,11.890294117647052,206.44999999999982
FIRST_TRIANGLE_GOLD_EVIDENCE_XAUUSD_1751328000,326,57.5,60.0,35.0,SPREAD_PLUS_50,2425.6199999999985,1.914993379781741,11.890294117647052,206.44999999999982
FIRST_TRIANGLE_GOLD_EVIDENCE_XAUUSD_1751328000,327,57.5,60.0,35.0,SLIPPAGE_BASE,2425.6199999999985,1.914993379781741,11.890294117647052,206.44999999999982
FIRST_TRIANGLE_GOLD_EVIDENCE_XAUUSD_1751328000,328,57.5,60.0,35.0,COMMISSION_PLUS_25,2425.6199999999985,1.914993379781741,11.890294117647052,206.44999999999982
FIRST_TRIANGLE_GOLD_EVIDENCE_XAUUSD_1751328000,329,57.5,60.0,35.0,COMBINED_STRESS,2425.6199999999985,1.914993379781741,11.890294117647052,206.44999999999982
FIRST_TRIANGLE_GOLD_EVIDENCE_XAUUSD_1751328000,330,57.5,60.0,37.5,BASE,2580.1599999999985,1.9732890225087423,12.647843137254895,211.44999999999982
FIRST_TRIANGLE_GOLD_EVIDENCE_XAUUSD_1751328000,331,57.5,60.0,37.5,SPREAD_PLUS_25,2580.1599999999985,1.9732890225087423,12.647843137254895,211.44999999999982
FIRST_TRIANGLE_GOLD_EVIDENCE_XAUUSD_1751328000,332,57.5,60.0,37.5,SPREAD_PLUS_50,2580.1599999999985,1.9732890225087423,12.647843137254895,211.44999999999982
FIRST_TRIANGLE_GOLD_EVIDENCE_XAUUSD_1751328000,333,57.5,60.0,37.5,SLIPPAGE_BASE,2580.1599999999985,1.9732890225087423,12.647843137254895,211.44999999999982
FIRST_TRIANGLE_GOLD_EVIDENCE_XAUUSD_1751328000,334,57.5,60.0,37.5,COMMISSION_PLUS_25,2580.1599999999985,1.9732890225087423,12.647843137254895,211.44999999999982
FIRST_TRIANGLE_GOLD_EVIDENCE_XAUUSD_1751328000,335,57.5,60.0,37.5,COMBINED_STRESS,2580.1599999999985,1.9732890225087423,12.647843137254895,211.44999999999982
FIRST_TRIANGLE_GOLD_EVIDENCE_XAUUSD_1751328000,336,57.5,62.5,22.5,BASE,1864.6899999999978,1.678148002676675,9.323449999999989,209.32999999999856
FIRST_TRIANGLE_GOLD_EVIDENCE_XAUUSD_1751328000,337,57.5,62.5,22.5,SPREAD_PLUS_25,1864.6899999999978,1.678148002676675,9.323449999999989,209.32999999999856
FIRST_TRIANGLE_GOLD_EVIDENCE_XAUUSD_1751328000,338,57.5,62.5,22.5,SPREAD_PLUS_50,1864.6899999999978,1.678148002676675,9.323449999999989,209.32999999999856
FIRST_TRIANGLE_GOLD_EVIDENCE_XAUUSD_1751328000,339,57.5,62.5,22.5,SLIPPAGE_BASE,1864.6899999999978,1.678148002676675,9.323449999999989,209.32999999999856
FIRST_TRIANGLE_GOLD_EVIDENCE_XAUUSD_1751328000,340,57.5,62.5,22.5,COMMISSION_PLUS_25,1864.6899999999978,1.678148002676675,9.323449999999989,209.32999999999856
FIRST_TRIANGLE_GOLD_EVIDENCE_XAUUSD_1751328000,341,57.5,62.5,22.5,COMBINED_STRESS,1864.6899999999978,1.678148002676675,9.323449999999989,209.32999999999856
FIRST_TRIANGLE_GOLD_EVIDENCE_XAUUSD_1751328000,342,57.5,62.5,25.0,BASE,2024.7699999999982,1.7529013233976254,10.12384999999999,186.44999999999982
FIRST_TRIANGLE_GOLD_EVIDENCE_XAUUSD_1751328000,343,57.5,62.5,25.0,SPREAD_PLUS_25,2024.7699999999982,1.7529013233976254,10.12384999999999,186.44999999999982
FIRST_TRIANGLE_GOLD_EVIDENCE_XAUUSD_1751328000,344,57.5,62.5,25.0,SPREAD_PLUS_50,2024.7699999999982,1.7529013233976254,10.12384999999999,186.44999999999982
FIRST_TRIANGLE_GOLD_EVIDENCE_XAUUSD_1751328000,345,57.5,62.5,25.0,SLIPPAGE_BASE,2024.7699999999982,1.7529013233976254,10.12384999999999,186.44999999999982
FIRST_TRIANGLE_GOLD_EVIDENCE_XAUUSD_1751328000,346,57.5,62.5,25.0,COMMISSION_PLUS_25,2024.7699999999982,1.7529013233976254,10.12384999999999,186.44999999999982
FIRST_TRIANGLE_GOLD_EVIDENCE_XAUUSD_1751328000,347,57.5,62.5,25.0,COMBINED_STRESS,2024.7699999999982,1.7529013233976254,10.12384999999999,186.44999999999982
FIRST_TRIANGLE_GOLD_EVIDENCE_XAUUSD_1751328000,348,57.5,62.5,27.5,BASE,1936.6699999999983,1.7201417474500704,9.683349999999992,191.44999999999982
FIRST_TRIANGLE_GOLD_EVIDENCE_XAUUSD_1751328000,349,57.5,62.5,27.5,SPREAD_PLUS_25,1936.6699999999983,1.7201417474500704,9.683349999999992,191.44999999999982
FIRST_TRIANGLE_GOLD_EVIDENCE_XAUUSD_1751328000,350,57.5,62.5,27.5,SPREAD_PLUS_50,1936.6699999999983,1.7201417474500704,9.683349999999992,191.44999999999982
FIRST_TRIANGLE_GOLD_EVIDENCE_XAUUSD_1751328000,351,57.5,62.5,27.5,SLIPPAGE_BASE,1936.6699999999983,1.7201417474500704,9.683349999999992,191.44999999999982
FIRST_TRIANGLE_GOLD_EVIDENCE_XAUUSD_1751328000,352,57.5,62.5,27.5,COMMISSION_PLUS_25,1936.6699999999983,1.7201417474500704,9.683349999999992,191.44999999999982
FIRST_TRIANGLE_GOLD_EVIDENCE_XAUUSD_1751328000,353,57.5,62.5,27.5,COMBINED_STRESS,1936.6699999999983,1.7201417474500704,9.683349999999992,191.44999999999982
FIRST_TRIANGLE_GOLD_EVIDENCE_XAUUSD_1751328000,354,57.5,62.5,30.0,BASE,2012.08,1.7481826058178933,10.0604,196.44999999999982
FIRST_TRIANGLE_GOLD_EVIDENCE_XAUUSD_1751328000,355,57.5,62.5,30.0,SPREAD_PLUS_25,2012.08,1.7481826058178933,10.0604,196.44999999999982
FIRST_TRIANGLE_GOLD_EVIDENCE_XAUUSD_1751328000,356,57.5,62.5,30.0,SPREAD_PLUS_50,2012.08,1.7481826058178933,10.0604,196.44999999999982
FIRST_TRIANGLE_GOLD_EVIDENCE_XAUUSD_1751328000,357,57.5,62.5,30.0,SLIPPAGE_BASE,2012.08,1.7481826058178933,10.0604,196.44999999999982
FIRST_TRIANGLE_GOLD_EVIDENCE_XAUUSD_1751328000,358,57.5,62.5,30.0,COMMISSION_PLUS_25,2012.08,1.7481826058178933,10.0604,196.44999999999982
FIRST_TRIANGLE_GOLD_EVIDENCE_XAUUSD_1751328000,359,57.5,62.5,30.0,COMBINED_STRESS,2012.08,1.7481826058178933,10.0604,196.44999999999982
FIRST_TRIANGLE_GOLD_EVIDENCE_XAUUSD_1751328000,360,57.5,62.5,32.5,BASE,2007.2199999999993,1.7463754373831017,10.036099999999998,201.44999999999982
FIRST_TRIANGLE_GOLD_EVIDENCE_XAUUSD_1751328000,361,57.5,62.5,32.5,SPREAD_PLUS_25,2007.2199999999993,1.7463754373831017,10.036099999999998,201.44999999999982
FIRST_TRIANGLE_GOLD_EVIDENCE_XAUUSD_1751328000,362,57.5,62.5,32.5,SPREAD_PLUS_50,2007.2199999999993,1.7463754373831017,10.036099999999998,201.44999999999982
FIRST_TRIANGLE_GOLD_EVIDENCE_XAUUSD_1751328000,363,57.5,62.5,32.5,SLIPPAGE_BASE,2007.2199999999993,1.7463754373831017,10.036099999999998,201.44999999999982
FIRST_TRIANGLE_GOLD_EVIDENCE_XAUUSD_1751328000,364,57.5,62.5,32.5,COMMISSION_PLUS_25,2007.2199999999993,1.7463754373831017,10.036099999999998,201.44999999999982
FIRST_TRIANGLE_GOLD_EVIDENCE_XAUUSD_1751328000,365,57.5,62.5,32.5,COMBINED_STRESS,2007.2199999999993,1.7463754373831017,10.036099999999998,201.44999999999982
FIRST_TRIANGLE_GOLD_EVIDENCE_XAUUSD_1751328000,366,57.5,62.5,35.0,BASE,2214.1100000000006,1.8339680064484307,11.070550000000003,206.44999999999982
FIRST_TRIANGLE_GOLD_EVIDENCE_XAUUSD_1751328000,367,57.5,62.5,35.0,SPREAD_PLUS_25,2214.1100000000006,1.8339680064484307,11.070550000000003,206.44999999999982
FIRST_TRIANGLE_GOLD_EVIDENCE_XAUUSD_1751328000,368,57.5,62.5,35.0,SPREAD_PLUS_50,2214.1100000000006,1.8339680064484307,11.070550000000003,206.44999999999982
FIRST_TRIANGLE_GOLD_EVIDENCE_XAUUSD_1751328000,369,57.5,62.5,35.0,SLIPPAGE_BASE,2214.1100000000006,1.8339680064484307,11.070550000000003,206.44999999999982
FIRST_TRIANGLE_GOLD_EVIDENCE_XAUUSD_1751328000,370,57.5,62.5,35.0,COMMISSION_PLUS_25,2214.1100000000006,1.8339680064484307,11.070550000000003,206.44999999999982
FIRST_TRIANGLE_GOLD_EVIDENCE_XAUUSD_1751328000,371,57.5,62.5,35.0,COMBINED_STRESS,2214.1100000000006,1.8339680064484307,11.070550000000003,206.44999999999982
FIRST_TRIANGLE_GOLD_EVIDENCE_XAUUSD_1751328000,372,57.5,62.5,37.5,BASE,2347.2799999999997,1.884127898874162,11.736399999999998,211.44999999999982
FIRST_TRIANGLE_GOLD_EVIDENCE_XAUUSD_1751328000,373,57.5,62.5,37.5,SPREAD_PLUS_25,2347.2799999999997,1.884127898874162,11.736399999999998,211.44999999999982
FIRST_TRIANGLE_GOLD_EVIDENCE_XAUUSD_1751328000,374,57.5,62.5,37.5,SPREAD_PLUS_50,2347.2799999999997,1.884127898874162,11.736399999999998,211.44999999999982
FIRST_TRIANGLE_GOLD_EVIDENCE_XAUUSD_1751328000,375,57.5,62.5,37.5,SLIPPAGE_BASE,2347.2799999999997,1.884127898874162,11.736399999999998,211.44999999999982
FIRST_TRIANGLE_GOLD_EVIDENCE_XAUUSD_1751328000,376,57.5,62.5,37.5,COMMISSION_PLUS_25,2347.2799999999997,1.884127898874162,11.736399999999998,211.44999999999982
FIRST_TRIANGLE_GOLD_EVIDENCE_XAUUSD_1751328000,377,57.5,62.5,37.5,COMBINED_STRESS,2347.2799999999997,1.884127898874162,11.736399999999998,211.44999999999982
